ID,원문,상태,담당,비고,증거
0-1,테스트 앱(dev)을 연다. → 출시 앱과 별개이며 출시 앱 데이터가 그대로 있어야 한다.,이번빌드미실시,USB Codex; 소리/진동만 HUMAN,영어 수면/패턴/원터치 신규진입 항목은 현재 EN 숨김 정책 적용,
0-2,dev 앱에 보관할 데이터가 있으면 설정에서 직접 백업한다. → Download/ShiftBell에 manual 파일이 생겨야 한다.,이번빌드미실시,USB Codex; 소리/진동만 HUMAN,영어 수면/패턴/원터치 신규진입 항목은 현재 EN 숨김 정책 적용,
0-3,알림 권한과 휴대폰의 현재 날짜·시각을 확인한다. → 앱에도 같은 날짜가 보여야 한다.,이번빌드미실시,USB Codex; 소리/진동만 HUMAN,영어 수면/패턴/원터치 신규진입 항목은 현재 EN 숨김 정책 적용,
0-4,기존 dev 앱의 DB 업그레이드를 시험한다면 1번을 먼저 끝낸다. → 설치·재설치·데이터 삭제로 기존 v24 DB가 사라지면 이 시험을 할 수 없다.,이번빌드미실시,USB Codex; 소리/진동만 HUMAN,영어 수면/패턴/원터치 신규진입 항목은 현재 EN 숨김 정책 적용,
1-1,"기존 dev 앱에서 근무표, 미래 고정 알람, 메모를 각각 하나씩 만든다. 가까운 알람을 한 번 울려 끄기 이력도 만든다. 각 화면과 미래 알람의 날짜·시각을 찍고 직접 백업한다. → 업그레이드 전 비교할 데이터와 manual 백업 파일이 있어야 한다.",사용자완료보고,사용자 완료 보고,DB v24→v25 재시험 제외,
1-2,PC의 PowerShell을 프로젝트 폴더에서 열고 아래 명령을 실행한다. USB로 연결한 안드로이드 실기기는 한 대만 둔다. → adb devices에 그 기기가 보여야 하고 DB 헤더는 00 00 00 18(16진수 24)이어야 한다. 이미 19라면 이 기기로는 v24→v25 시험을 할 수 없다.,사용자완료보고,사용자 완료 보고,DB v24→v25 재시험 제외,
1-3,아래 명령으로 새 dev APK를 빌드하고 기존 앱 위에 설치한다. → 마지막 줄에 Success가 나와야 한다. 실패하거나 서명 오류가 나면 중단하고 앱을 삭제하지 않는다. 설치 뒤 1-5가 끝날 때까지 dev 앱을 열지 않는다.,사용자완료보고,사용자 완료 보고,DB v24→v25 재시험 제외,
1-4,설치 직후 아래 명령으로 로그를 확인해 결과를 저장한다. → 오류가 없어야 한다. 'Native 마이그레이션 완료 v24 → v25'가 보이면 함께 기록한다.,사용자완료보고,사용자 완료 보고,DB v24→v25 재시험 제외,
1-5,먼저 재부팅 명령을 실행한다. 휴대폰 잠금을 해제하고 USB 연결을 확인한 뒤 나머지 명령을 실행한다. dev 앱은 아직 열지 않는다. → 로그에 오류가 없고 DB 헤더는 00 00 00 19(16진수 25)이어야 한다. 헤더는 DB 기록 지연으로 늦게 바뀔 수 있으므로 로그와 앱 동작도 함께 판단한다.,사용자완료보고,사용자 완료 보고,DB v24→v25 재시험 제외,
1-6,이제 dev 앱을 열고 1-1의 사진과 비교한다. 앱을 닫았다 다시 열고 미래 알람이 울릴 때까지 확인한다. → 근무표·고정 알람·메모·이력이 유지되고 미래 알람은 한 번만 울려야 한다. 하나라도 사라지거나 중복되면 실패로 기록한다.,사용자완료보고,사용자 완료 보고,DB v24→v25 재시험 제외,
2-1,달력 상단 원터치 알람 아이콘 → 빈 칸을 누른다. 시각과 소리+진동·진동·무음 중 하나를 저장한다. 최대 5칸을 저장하고 앱을 다시 연다. → 시각·종류가 유지돼야 한다. 패널을 열어도 연·월은 보여야 하며 날짜 팝업·길게 누르기·월 스와이프는 차단돼야 한다.,이번빌드미실시,USB Codex; 소리/진동만 HUMAN,영어 수면/패턴/원터치 신규진입 항목은 현재 EN 숨김 정책 적용,
2-2,"저장된 칸을 누른다. → 편집·삭제가 나타나고 오늘·내일만 강조돼야 한다. 두 날짜 중 하나에 할당한다. → 5칸 패널로 돌아가고 달력, 날짜 상세, 다음 알람에 같은 날짜·시각의 '원터치 알람'이 보여야 한다. 시스템/화면 뒤로가기는 선택 해제 → 패널 닫기 순서여야 한다. 월말에는 다음 달 1일에도 할당할 수 있어야 한다.",이번빌드미실시,USB Codex; 소리/진동만 HUMAN,영어 수면/패턴/원터치 신규진입 항목은 현재 EN 숨김 정책 적용,
2-3,같은 칸을 같은 날짜에 다시 넣는다. → 이미 할당됐다는 안내가 나오고 알람은 하나만 있어야 한다.,이번빌드미실시,USB Codex; 소리/진동만 HUMAN,영어 수면/패턴/원터치 신규진입 항목은 현재 EN 숨김 정책 적용,
2-4,내일에 서로 다른 5칸을 넣는다. → 원터치 알람 5개가 보이고 같은 칸을 다시 넣어도 6개가 되면 안 된다. 별도 고정 알람은 만들 수 있어야 한다.,이번빌드미실시,USB Codex; 소리/진동만 HUMAN,영어 수면/패턴/원터치 신규진입 항목은 현재 EN 숨김 정책 적용,
2-5,오늘의 지난 시각을 할당해 본다. → 안내가 나오고 알람은 만들어지지 않아야 한다. 모레 및 다른 날짜는 비활성 상태이며 눌러도 알람이나 날짜 팝업이 생성되지 않아야 한다.,이번빌드미실시,USB Codex; 소리/진동만 HUMAN,영어 수면/패턴/원터치 신규진입 항목은 현재 EN 숨김 정책 적용,
2-6,한 칸을 오늘과 내일에 넣고 설정에서 그 칸을 삭제한다. → 확인창에 두 날짜가 보인다. 취소하면 유지되고 확인하면 해당 알람만 없어져야 한다.,이번빌드미실시,USB Codex; 소리/진동만 HUMAN,영어 수면/패턴/원터치 신규진입 항목은 현재 EN 숨김 정책 적용,
2-7,한 칸을 오늘과 내일에 넣고 날짜 상세에서 오늘 것만 삭제한다. → 오늘 것만 없어지고 설정 칸과 내일 것은 남아야 한다.,이번빌드미실시,USB Codex; 소리/진동만 HUMAN,영어 수면/패턴/원터치 신규진입 항목은 현재 EN 숨김 정책 적용,
3-1,내일 같은 시각에 고정 알람을 먼저 만들고 원터치를 넣는다. → 중복 안내가 나오고 고정 알람 하나만 남아야 한다.,이번빌드미실시,USB Codex; 소리/진동만 HUMAN,영어 수면/패턴/원터치 신규진입 항목은 현재 EN 숨김 정책 적용,
3-2,다른 시각에는 원터치를 먼저 넣고 근무 설정을 바꿔 같은 시각의 고정 알람이 생기게 한다. → 그 시각에는 원터치 하나만 남아야 한다.,이번빌드미실시,USB Codex; 소리/진동만 HUMAN,영어 수면/패턴/원터치 신규진입 항목은 현재 EN 숨김 정책 적용,
3-3,3-2의 원터치를 삭제한다. → 확인창에 대체 고정 알람이 표시되고 삭제 뒤 고정 알람 하나가 예약돼야 한다.,이번빌드미실시,USB Codex; 소리/진동만 HUMAN,영어 수면/패턴/원터치 신규진입 항목은 현재 EN 숨김 정책 적용,
3-4,원터치와 고정 알람을 남겨두고 앱을 닫았다 열고 재부팅한다. → 알람이 사라지거나 같은 시각에 두 개로 늘면 안 된다.,이번빌드미실시,USB Codex; 소리/진동만 HUMAN,영어 수면/패턴/원터치 신규진입 항목은 현재 EN 숨김 정책 적용,
4-1,고정 알람을 3~5분 뒤로 맞춰 앱을 연 상태와 잠근 상태에서 각각 기다린다. → 정해진 시각에 한 번 울리고 끄기·소리·진동·이력이 설정과 맞아야 한다.,이번빌드미실시,USB Codex; 소리/진동만 HUMAN,영어 수면/패턴/원터치 신규진입 항목은 현재 EN 숨김 정책 적용,
4-2,"원터치를 소리+진동, 진동, 무음으로 각각 울려 본다. → 이름은 '원터치 알람'으로 나오고 진동에는 소리가 없으며 무음에는 소리와 진동이 없어야 한다.",이번빌드미실시,USB Codex; 소리/진동만 HUMAN,영어 수면/패턴/원터치 신규진입 항목은 현재 EN 숨김 정책 적용,
4-3,알람을 25분 이상 뒤로 맞춘다. → 약 20분 전 사전 알림이 오고 예정 시각에 실제 알람이 한 번 울려야 한다.,이번빌드미실시,USB Codex; 소리/진동만 HUMAN,영어 수면/패턴/원터치 신규진입 항목은 현재 EN 숨김 정책 적용,
4-4,알람이 울릴 때 '5분 후'를 누른다. → 현재 울림이 멈추고 5분 뒤 한 번 다시 울려야 한다.,이번빌드미실시,USB Codex; 소리/진동만 HUMAN,영어 수면/패턴/원터치 신규진입 항목은 현재 EN 숨김 정책 적용,
4-5,A보다 정확히 5분 뒤에 다른 알람 B를 잡고 A에서 '5분 후'를 누른다. → 중복 안내가 나오고 A의 5분 후 알람은 생기지 않으며 B만 예정 시각에 울려야 한다.,이번빌드미실시,USB Codex; 소리/진동만 HUMAN,영어 수면/패턴/원터치 신규진입 항목은 현재 EN 숨김 정책 적용,
4-6,일정관리에서 알림이 있는 일정을 만들고 시각 수정·날짜 변경·삭제를 해 본다. → 이전 시각에는 알림이 오지 않고 새 시각에 한 번만 오며 삭제 후에는 오지 않아야 한다.,이번빌드미실시,USB Codex; 소리/진동만 HUMAN,영어 수면/패턴/원터치 신규진입 항목은 현재 EN 숨김 정책 적용,
5-1,설정에서 직접 백업을 만든다. → Download/ShiftBell에 새 manual 파일이 생기고 앱에 마지막 백업 시각이 표시돼야 한다.,이번빌드미실시,USB Codex; 소리/진동만 HUMAN,영어 수면/패턴/원터치 신규진입 항목은 현재 EN 숨김 정책 적용,
5-2,메모나 근무표를 바꾸고 자동 백업이 실행될 때까지 기다린다. → auto 파일이 생기고 manual 파일도 남아야 한다.,이번빌드미실시,USB Codex; 소리/진동만 HUMAN,영어 수면/패턴/원터치 신규진입 항목은 현재 EN 숨김 정책 적용,
5-3,직접 백업과 자동 백업을 각각 한 번 더 만든다. → 각 종류의 최신 파일이 하나씩 남아야 한다.,이번빌드미실시,USB Codex; 소리/진동만 HUMAN,영어 수면/패턴/원터치 신규진입 항목은 현재 EN 숨김 정책 적용,
5-4,근무표·메모·원터치 상태를 사진으로 남긴 뒤 백업 파일을 골라 복원한다. → 백업 당시 데이터와 미래 알람이 돌아와야 한다.,이번빌드미실시,USB Codex; 소리/진동만 HUMAN,영어 수면/패턴/원터치 신규진입 항목은 현재 EN 숨김 정책 적용,
5-5,개발자가 준비한 손상된 복사본으로 복원해 본다. → 복원을 거부하고 현재 데이터와 정상 백업 파일이 그대로여야 한다.,이번빌드미실시,USB Codex; 소리/진동만 HUMAN,영어 수면/패턴/원터치 신규진입 항목은 현재 EN 숨김 정책 적용,
6-1,수면 기록을 추가·수정·삭제한다. 자동 추정 기록이 있다면 확인·수정·거부도 해 본다. → 확인하지 않은 기록은 총 수면시간에 더해지지 않고 겹치는 수면은 저장이 거부돼야 한다.,이번빌드미실시,USB Codex; 소리/진동만 HUMAN,영어 수면/패턴/원터치 신규진입 항목은 현재 EN 숨김 정책 적용,
6-2,"영어의 Sleep & Recovery에서 기록 0개, 1개, 2개 이상을 차례로 본다. → 제목·목록·안내가 영어로 나오고 '1 record', '2 records'처럼 수가 맞아야 한다.",이번빌드미실시,USB Codex; 소리/진동만 HUMAN,영어 수면/패턴/원터치 신규진입 항목은 현재 EN 숨김 정책 적용,
6-3,휴대폰의 12/24시간 설정과 앱 언어를 바꾼다. → 날짜·시각 표시와 화면 언어가 설정을 따라가야 한다.,이번빌드미실시,USB Codex; 소리/진동만 HUMAN,영어 수면/패턴/원터치 신규진입 항목은 현재 EN 숨김 정책 적용,
7-1,보내는 기기에서 반복 근무표를 만들고 '내 달력으로 복사'로 메시지를 보낸다. → 근무명·색상·반복 패턴·기준일만 전달되고 메모·일정·알람 시각은 없어야 한다.,이번빌드미실시,USB Codex; 소리/진동만 HUMAN,영어 수면/패턴/원터치 신규진입 항목은 현재 EN 숨김 정책 적용,
7-2,새로 설치한 받는 기기에서 온보딩의 '받은 근무 패턴 적용'에 메시지를 붙여 넣는다. → 두 기기의 같은 날짜 5개에서 근무명·색상·순서가 일치해야 한다.,이번빌드미실시,USB Codex; 소리/진동만 HUMAN,영어 수면/패턴/원터치 신규진입 항목은 현재 EN 숨김 정책 적용,
7-3,데이터가 있는 받는 기기에서는 먼저 백업하고 설정에서 패턴을 적용한다. → 새 근무 패턴으로 바뀌고 기존 메모·일정·원터치 알람·백업은 남아야 한다. 이전 고정 알람은 더 이상 울리면 안 된다.,이번빌드미실시,USB Codex; 소리/진동만 HUMAN,영어 수면/패턴/원터치 신규진입 항목은 현재 EN 숨김 정책 적용,
7-4,중간이 잘린 메시지나 다른 형식의 코드를 붙여 넣는다. → 적용이 거부되고 기존 데이터가 그대로여야 한다.,이번빌드미실시,USB Codex; 소리/진동만 HUMAN,영어 수면/패턴/원터치 신규진입 항목은 현재 EN 숨김 정책 적용,
8-1,"설정에서 문제 신고용 진단 파일을 만들고 공유 화면에서 취소한다. → 파일이 만들어지고 취소해도 앱과 알람이 정상이어야 한다. 파일에는 메모·일정 본문, 친구 이름, 공유 코드가 없어야 한다.",이번빌드미실시,USB Codex; 소리/진동만 HUMAN,영어 수면/패턴/원터치 신규진입 항목은 현재 EN 숨김 정책 적용,
8-2,"같은 공휴일 2~3개를 앱 달력, 친구 달력 웹 링크, 홈 위젯에서 비교한다. → 날짜와 이름이 같아야 한다. 영어 화면에는 한국 공휴일 이름이 표시되지 않아야 한다.",이번빌드미실시,USB Codex; 소리/진동만 HUMAN,영어 수면/패턴/원터치 신규진입 항목은 현재 EN 숨김 정책 적용,
8-3,친구 달력 웹 링크를 열고 닫은 뒤 다시 연다. → 두 번 모두 달력이 열리고 최신 근무표가 보여야 한다.,이번빌드미실시,USB Codex; 소리/진동만 HUMAN,영어 수면/패턴/원터치 신규진입 항목은 현재 EN 숨김 정책 적용,
