연결ID,변경기능,기존원장/문서,테스트파일,실행근거,확인한범위,남은범위/해석
TEAM-RULE,전체 조 개별 반복·요일 규칙 및 옛 설정 이관,최신 문서 A3/B 전체 조,test/team_rules_test.dart,build/prod_dev_review_targeted.log,독립 주기·요일 규칙; 옛 offset/중복 위치 이관; 내 조 왕복 변경; null 표식으로 옛 설정 부활 방지,기존 202행에 추가 완료 건수로 가산하지 않는 세부 연결
TEAM-ATOMIC,전체 조와 내 근무표 원자적 저장,최신 문서 A3/B 전체 조,test/team_rules_test.dart; test/team_schedule_apply_test.dart,build/prod_dev_review_targeted.log,실제 SQLite SQL 실패 롤백; stale editor 거절; 초기화 원자성; Native 호출 전 저장 완료,OS 호출은 모의 채널; 실기기 재시작 근거는 TEAM-DEVICE
TEAM-EDIT,전체 조 최초 생성·편집·취소 UI,최신 문서 B 전체 조,test/team_schedule_edit_flow_test.dart,build/srtl_2026-10-03_ultra/logic_final.log,기존 UI 회귀의 생성/편집; 대상 조 선택; 취소 보존; 재생성; 긴 패턴 스크롤,기존 성공 로그 재사용; 이번 검토에서 이 UI 파일을 재실행하지 않음
TEAM-DEVICE,저장 도중 종료 후 전체 조·내 근무표 일관성,최신 문서 A3,tools/srtl_team_atomic.py,build/srtl_2026-10-03_ultra/team_atomic_rollback.log; build/srtl_2026-10-03_ultra/team_atomic_verify.log,커밋 전 프로세스 종료·재시작; 근무표/전체 조 일치; DB9/OS9,기존 실제 기기 증거 재사용
TEAM-RENAME,근무명 변경의 전체 조 참조 전파와 삭제 보호,REFRESH-011; FRIEND-003; 최신 문서 AA,test/team_rules_test.dart; test/release_audit/g1/g1_shift_name_test.dart,build/prod_dev_review_targeted.log; build/device_remaining_2026-10-04/name_full_flow.log,다른 조만 쓰는 근무명 삭제 차단·맞교환; 기존 실제 이름 저장과 서버/웹 반영,140검사에는 team_rules만 포함; 열린 웹 실시간 갱신 지원 아님
SHARE-V2,중지·재공유·지연 응답·legacy 이관,FRIEND-004; 최신 문서 Z,test/release_audit/g2/friend_share_protocol_test.dart,build/prod_dev_review_targeted.log; build/share_protocol_regression.log,메모리 transport로 세대/회차·오프라인 재시도·늦은 응답·재공유·백업 제외 확인,실제 SDK/규칙 근거는 SHARE-SERVER; 로컬 저장 실패 주입은 미실행
SHARE-RESET,스케줄 초기화와 공유 중지 실패 분리,FRIEND-004; 최신 문서 B/Z,test/full_audit_critical_test.dart; test/schedule_reset_confirmation_test.dart,build/prod_dev_review_targeted.log; build/share_protocol_regression.log,AUD-A01b 오프라인 중지 의도 유지와 DB 삭제 후 Native 취소; 한영 확인창 취소·버튼 접근,사용자 확정: 공유 저장 실패도 초기화 진행; test/schedule_reset_persistence_test.dart 및 test/schedule_reset_failure_ui_test.dart로 초기화 완료·후속 안내·수동 중지 검증(build/reset_persistence_review.log; build/reset_failure_ui_test.log); 실기기 미실행
SHARE-SERVER,v2 서버 규칙 및 기존 수신웹 호환,FRIEND-004; 최신 문서 A2/Z,test/release_audit/g2/firestore_rules/t13_rules.test.mjs,build/share_protocol_rules.log; build/a2_production_2026-10-04/smoke_result.json; build/a2_production_2026-10-04/after.summary.json,로컬 규칙23검사; 기존 운영 SDK/웹22확인; 게시 규칙 SHA 일치 기록,140 Flutter 회귀와 별도 실행; 이번에 운영을 다시 검사한 결과가 아님
HOLIDAY,공휴일 조회주기·캐시·기본 날짜·변경분 계산,DEV2-004; 최신 문서 E/F,test/holiday_overrides_test.dart; test/holiday_source_parity_test.dart,build/prod_dev_review_targeted.log; build/usb_audit_2026-09-30/r5_holiday_first_window.vm.json; build/usb_audit_2026-09-30/r5_holiday_forced_due.vm.json; build/usb_audit_2026-09-30/r5_holiday_offline_retry.vm.json,추가/삭제/이름 변경 계산·영어 숨김·기본 날짜 정합성; 기존 실기기 조회주기/빈 캐시/오프라인 유지,사용자 요청으로 코드 검토에서 종료: 앱→Native→위젯 저장/조회/갱신 연결 확인; 실기기 추가검사 미실행; 화면 재빌드/다음 시작까지 반영 지연 가능
DB-V26,DB v26 마이그레이션과 신규 생성 구조,최신 문서 A3/B,test/release_audit/g0/db_migration_dart_test.dart; test/release_audit/g0/db_reference_schema_test.dart,build/prod_dev_review_targeted.log,실제 SQLite 역사 fixture 이관·롤백·미래 버전 거절·신규 구조 스냅샷,옛 v24/v25 파일명·테스트명과 현재 검사 대상26을 구분; 실제 Play 설치 검사는 별도
RING-DEADLINE,UI와 OS 예약에 독립적인 설정 시간 종료,최신 문서 2026-10-05 새 작업,G1RingRoundTest.kt; DevRingWatchdogAudit.kt,build/ring_native_all_final.log; build/ring_localization_2026-10-05/independent_watchdog.log; build/ring_localization_2026-10-05/independent_watchdog_doze.log,1/3분 설정; 재진입 연장 방지; 회차 취소; 실제 무음 MediaPlayer에서 OS 예약 제거 후 60068ms 및 deep Doze 60044ms 종료; 자원 해제,삼성 한 기기 및 강제 절전 시험; 장시간 자연 Doze와 다른 제조사 보장 아님
RING-INAPP,외부 팝업과 동일한 앱 내 현재 알람 제어,최신 문서 2026-10-05 새 작업,G1RingRoundTest.kt; tools/usb_ring_deadline_audit.py,build/ring_localization_2026-10-05/app_dismiss_result.json; build/ring_localization_2026-10-05/notification_dismiss_result.json; build/ring_localization_2026-10-05/external_duplicate_result.json; build/ring_localization_2026-10-05/reentry_result.json; build/ring_remaining_2026-10-05/remaining_assertions.json; build/ring_lock_final_2026-10-05/final_proof.json,실제 앱/알림 끄기 동기화; 재진입에도 원래 1분 유지; 외부 팝업 중복 억제; 알림/오버레이 거부 시 앱 내 제어와 종료,08시 후속 실기기에서 잠금→홈→사용자 해제→앱 제어→종료까지 통과. 원래 마감 1회 유지·알림과 앱 동시 정리 확인. 연결 Samsung/기록된 조건의 검증이며 다른 제조사/OS 시험은 아님.
RING-NOTIF-TOKEN,옛 알림 PendingIntent가 새 회차를 끄는 문제 방지,최신 문서 2026-10-05 새 작업,G1RingRoundTest.kt; DevRingWatchdogAudit.kt,build/ring_localization_2026-10-05/natural_notification_snooze_final.log; build/ring_localization_2026-10-05/natural_notification_snooze_token_fixed.log,실기기 실패 재현 후 Intent identity에 회차 URI 추가; 자연 299318ms 재울림; 이전 토큰/종료시각 무시; 새 알림 종료와 알림/부분 WakeLock 정리,실제 알림 PendingIntent를 테스트 APK에서 발송한 시험; 사람이 알림 버튼을 누른 시험으로 기록하지 않음
LOCALE-DE-BR,독일어와 브라질 포르투갈어 및 이메일 문의처,최신 문서 2026-10-05 새 작업,test/german_brazilian_release_test.dart; test/english_release_layout_test.dart,build/localization_wide_final.log; build/localization_expanded_compact.log; build/localization_settings_detail.log; build/localization_reset_detail_final.log; build/localization_regression_fix_final.log; build/ring_remaining_2026-10-05/remaining_assertions.json; build/ring_remaining_2026-10-05/long_fixed_cards_final.log,각679문구; 짧은 기본 근무명 6종; 비한글16자; 영어 동일 기능; 월/요일/휴무명; 비한국어 이메일 단독; 32화면 11크기×2배율 및 추가 설정 상세5종,후속 실기기에서 두 언어 실제 탐색·온보딩·큰 글씨·W16 입력·이메일 문의처 확인. 긴 고정 알람 카드 넘침과 비동기 화면 종료 갱신 발견 후 수정·재검증. 외부 정책/스토어 게시 미수행.
RING-REMAINING-USB,앱 스누즈·상호 종료·등록 후 권한 철회 실기기,최신 문서 2026-10-05 후속 실기기,tools/usb_ring_deadline_audit.py,build/ring_remaining_2026-10-05/remaining_assertions.json; build/ring_remaining_2026-10-05/notification_sync_assertions.json; build/ring_lock_final_2026-10-05/final_proof.json,실제 5분 스누즈 재울림; 앱/알림 종료; 외부 중복 없음; 등록 뒤 양 권한 철회 후 재진입 제어 통과,08시 후속 실기기에서 잠금→홈→사용자 해제→앱 제어→종료까지 통과. 원래 마감 1회 유지·알림과 앱 동시 정리 확인. 연결 Samsung/기록된 조건의 검증이며 다른 제조사/OS 시험은 아님.
LOCALE-REMAINING-USB,DE/PT 실제 탐색 및 W16 큰 글씨 카드,최신 문서 2026-10-05 후속 실기기,test/english_release_layout_test.dart,build/ring_remaining_2026-10-05/long_fixed_cards_final.log; build/ring_remaining_2026-10-05/remaining_assertions.json,실기기 큰 글씨·입력17→16·기본 이름·이메일 문의처 통과; 발견한 카드 overflow/닫힌 화면 setState 수정; 최종 32조합 통과,작은 고정 카드의 긴 이름은 한 줄 축소; 상세창은 전체 이름
RING-LOCK-APP-FINAL,마지막 잠금→홈→해제→앱 제어 실기기,최신 문서 2026-10-05 최종 잠금 전환 검증,tools/usb_ring_deadline_audit.py,build/ring_lock_final_2026-10-05/final_proof.json; build/ring_lock_final_2026-10-05/restored_verified.json; build/ring_lock_final_2026-10-05/final_os_restoration.json,실제 무음 울림/잠금 해제 후 앱 창1개; 원래 마감 유지; 앱 끄기로 알림/울림/예약 정리; 원본 복구 및 화면 잠금 완료,남겨둔 연결 기기 실기기 검사 완료; 새 코드 변경 없음
