locale,topic,source,application
en,shift pattern; repeating cycle; shifts; schedule,https://whatsnew.deputy.com/build-basic-shift-patterns-in-the-schedule-1Bdmso,Deputy terminology; no proprietary wording copied
en,scheduled shifts; overtime,https://help.deputy.com/hc/en-au/categories/4557613134479-Scheduling,"Employer scheduling vocabulary, adapted to personal app"
de,Schichtfolge; Früh; Spät; Nacht,https://www.baua.de/DE/Themen/Arbeitsgestaltung/Gefaehrdungsbeurteilung/Handbuch-Gefaehrdungsbeurteilung/Expertenwissen/Arbeitszeitgestaltung/Atypische-Arbeitszeitlagen/Atypische-Arbeitszeitlagen_dossier.html?pos=5,BAuA terminology; source read via indexed search; no employment-law implementation added
de,Wecker; Weckzeit; Schichtplan,https://www.shiftwake.com/de/,German shift-worker product terminology
de,Wecker; Schlummerfunktion; Weckton,https://support.google.com/clock/answer/2840926?hl=de,Android Clock terminology; short existing ringing control retained for layout
pt-BR,escala; jornada; turnos; folgas,https://suporte.pontotel.com.br/pt-br/article/qual-a-diferenca-entre-jornada-e-escala-1pnn6qr/,Distinguish schedule from daily work hours
pt-BR,folga; horas extras; início; término,https://suporte.pontotel.com.br/pt-br/article/como-cadastrar-uma-jornada-1nnw3hc/,Brazilian work-time terminology; no payroll or legal claims added
pt-BR,adiar; alarme; som; vibração,https://support.google.com/clock/answer/2840926?hl=pt-BR,Brazilian Android terminology
all,overtime change = positive duration difference,lib/services/work_hours_calculator.dart:impliedOvertimeForDate,"8h to 12h -> 4h, rest to 8h -> 8h; regular schedules only"
all,rolling alarm generation window,lib/screens/calendar_tab.dart:calendarAutoGeneratedWithinDays,"Created when selected date is less than window days away, not within that many days from now"
all,team switch / separate team patterns,lib/screens/team_schedule_edit_screen.dart; lib/screens/team_rule_editor_screen.dart,Help paths and preservation/deletion semantics checked against implementation
all,release scope,lib/l10n/release_locale.dart; lib/screens/help_screen.dart,No previously hidden Korean-only features enabled
