ID,화면과상태,소스,언어적용,로컬,검사,Fold8_KO,Fold8_EN,Fold8Ultra_KO,Fold8Ultra_EN,Flip8_KO,Flip8_EN,S26_EN,사용자교차판정,증거,이번범위,범위사유
UI-001,시작 로딩/지연/실패/재시도,startup_gate.dart,공통,320/500/501/600dp 및 기존 바형/폴드; 자동검증표에 실제 실행 범위만 기록,기본/큰글자; 키보드; 긴목록 끝; SafeArea; 접힘↔펼침/가로; 저장·뒤로가기 상태; 잘림·겹침·터치,대기,대기,대기,대기,대기,대기,대기,대기,,필수·영어UI,실제 영어 화면과 레이아웃 검사
UI-002,스플래시,splash_screen.dart,공통,320/500/501/600dp 및 기존 바형/폴드; 자동검증표에 실제 실행 범위만 기록,기본/큰글자; 키보드; 긴목록 끝; SafeArea; 접힘↔펼침/가로; 저장·뒤로가기 상태; 잘림·겹침·터치,대기,대기,대기,대기,대기,대기,대기,대기,,필수·영어UI,실제 영어 화면과 레이아웃 검사
UI-003,권한 소개/권한 경고/시스템 설정 복귀,permission_intro_screen.dart,공통,320/500/501/600dp 및 기존 바형/폴드; 자동검증표에 실제 실행 범위만 기록,기본/큰글자; 키보드; 긴목록 끝; SafeArea; 접힘↔펼침/가로; 저장·뒤로가기 상태; 잘림·겹침·터치,대기,대기,대기,대기,대기,대기,대기,대기,,필수·영어UI,실제 영어 화면과 레이아웃 검사
UI-004,온보딩 환영/정기·불규칙 선택,onboarding_screen.dart,공통,320/500/501/600dp 및 기존 바형/폴드; 자동검증표에 실제 실행 범위만 기록,기본/큰글자; 키보드; 긴목록 끝; SafeArea; 접힘↔펼침/가로; 저장·뒤로가기 상태; 잘림·겹침·터치,대기,대기,대기,대기,대기,대기,부분 확인 — 온보딩 실제 정기 경로 완료; 모든 배율/가로 조건 완료 아님,대기,build/usb_audit_2026-09-30/r2_*;r3_*,필수·영어UI,실제 영어 화면과 레이아웃 검사
UI-005,온보딩 근무 추가/삭제/이름 입력,onboarding_screen.dart,공통,320/500/501/600dp 및 기존 바형/폴드; 자동검증표에 실제 실행 범위만 기록,기본/큰글자; 키보드; 긴목록 끝; SafeArea; 접힘↔펼침/가로; 저장·뒤로가기 상태; 잘림·겹침·터치,대기,대기,대기,대기,대기,대기,부분 확인 — Night Shift 10자 잘림·영문 근무명 입력; 모든 배율/가로 조건 완료 아님,대기,build/usb_audit_2026-09-30/r2_*;r3_*,필수·영어UI,실제 영어 화면과 레이아웃 검사
UI-006,온보딩 패턴 배열/오늘 인덱스,onboarding_screen.dart,공통,320/500/501/600dp 및 기존 바형/폴드; 자동검증표에 실제 실행 범위만 기록,기본/큰글자; 키보드; 긴목록 끝; SafeArea; 접힘↔펼침/가로; 저장·뒤로가기 상태; 잘림·겹침·터치,대기,대기,대기,대기,대기,대기,부분 확인 — 영문 패턴 구성·완료; 모든 배율/가로 조건 완료 아님,대기,build/usb_audit_2026-09-30/r2_*;r3_*,필수·영어UI,실제 영어 화면과 레이아웃 검사
UI-007,온보딩 근무별 고정 알람/시각/전후날,onboarding_screen.dart,공통,320/500/501/600dp 및 기존 바형/폴드; 자동검증표에 실제 실행 범위만 기록,기본/큰글자; 키보드; 긴목록 끝; SafeArea; 접힘↔펼침/가로; 저장·뒤로가기 상태; 잘림·겹침·터치,대기,대기,대기,대기,대기,대기,부분 확인 — 중복 차단·5개 제한·전후날·저장 완료; 모든 배율/가로 조건 완료 아님,대기,build/usb_audit_2026-09-30/r2_*;r3_*,필수·영어UI,실제 영어 화면과 레이아웃 검사
UI-008,다음알람 빈 상태/원형/스누즈 첫둘째 회차,next_alarm_tab.dart,공통,320/500/501/600dp 및 기존 바형/폴드; 자동검증표에 실제 실행 범위만 기록,기본/큰글자; 키보드; 긴목록 끝; SafeArea; 접힘↔펼침/가로; 저장·뒤로가기 상태; 잘림·겹침·터치,대기,대기,대기,대기,대기,대기,부분 확인 — 실제 화면 증거 있음; 행에 묶인 전체 상태/배율 완료 아님,대기,build/usb_audit_2026-09-30/; 전수검증_2026-09-30.md USB 후속 절,필수·영어UI,실제 영어 화면과 레이아웃 검사
UI-009,등록 알람 읽기 전용 시트 / 현재 알람 카드 종류변경·삭제확인,next_alarm_tab.dart,공통,320/500/501/600dp 및 기존 바형/폴드; 자동검증표에 실제 실행 범위만 기록,기본/큰글자; 키보드; 긴목록 끝; SafeArea; 접힘↔펼침/가로; 저장·뒤로가기 상태; 잘림·겹침·터치,대기,대기,대기,대기,대기,대기,부분 확인 — 실제 화면 증거 있음; 행에 묶인 전체 상태/배율 완료 아님,대기,build/usb_audit_2026-09-30/; 전수검증_2026-09-30.md USB 후속 절,필수·영어UI,실제 영어 화면과 레이아웃 검사
UI-010,전체 알람 이력/생성로그/회차 설명,all_alarms_history_view.dart,공통,320/500/501/600dp 및 기존 바형/폴드; 자동검증표에 실제 실행 범위만 기록,기본/큰글자; 키보드; 긴목록 끝; SafeArea; 접힘↔펼침/가로; 저장·뒤로가기 상태; 잘림·겹침·터치,대기,대기,대기,대기,대기,대기,부분 확인 — 실제 영어 이력 긴목록·상태표시 확인; 모든 배율/가로 조건 완료 아님,대기,build/usb_audit_2026-09-30/r2_*;r3_*,필수·영어UI,실제 영어 화면과 레이아웃 검사
UI-011,달력 날짜 상세/알람/메모/근무 변경,calendar_tab.dart,공통,320/500/501/600dp 및 기존 바형/폴드; 자동검증표에 실제 실행 범위만 기록,기본/큰글자; 키보드; 긴목록 끝; SafeArea; 접힘↔펼침/가로; 저장·뒤로가기 상태; 잘림·겹침·터치,대기,대기,대기,대기,대기,대기,부분 확인 — 실제 화면 증거 있음; 행에 묶인 전체 상태/배율 완료 아님,대기,build/usb_audit_2026-09-30/; 전수검증_2026-09-30.md USB 후속 절,필수·영어UI,실제 영어 화면과 레이아웃 검사
UI-012,달력 월 이동/오늘/6주/미배정/일괄배정,calendar_tab.dart,공통,320/500/501/600dp 및 기존 바형/폴드; 자동검증표에 실제 실행 범위만 기록,기본/큰글자; 키보드; 긴목록 끝; SafeArea; 접힘↔펼침/가로; 저장·뒤로가기 상태; 잘림·겹침·터치,대기,대기,대기,대기,대기,대기,대기,대기,,필수·영어UI,실제 영어 화면과 레이아웃 검사
UI-013,달력 메모 입력/편집/삭제/키보드,calendar_tab.dart,공통,320/500/501/600dp 및 기존 바형/폴드; 자동검증표에 실제 실행 범위만 기록,기본/큰글자; 키보드; 긴목록 끝; SafeArea; 접힘↔펼침/가로; 저장·뒤로가기 상태; 잘림·겹침·터치,대기,대기,대기,대기,대기,대기,부분 확인 — 실제 화면 증거 있음; 행에 묶인 전체 상태/배율 완료 아님,대기,build/usb_audit_2026-09-30/; 전수검증_2026-09-30.md USB 후속 절,필수·영어UI,실제 영어 화면과 레이아웃 검사
UI-014,달력 원터치 5칸/선택/칸편집/삭제확인,calendar_tab.dart,KO만; EN 진입숨김,320/500/501/600dp 및 기존 바형/폴드; 자동검증표에 실제 실행 범위만 기록,기본/큰글자; 키보드; 긴목록 끝; SafeArea; 접힘↔펼침/가로; 저장·뒤로가기 상태; 잘림·겹침·터치,대기,대기,대기,대기,대기,대기,부분 확인 — KO 실기기에서 빈 원터치 칸 저장→재시작 뒤 2칸 표시→시험 칸 삭제·기존 칸 보존. 영어 UI에서는 진입 숨김; 5칸 전체·배율 조합 미완,대기,build/usb_audit_2026-09-30/r6_onetap_*.png,필수·영어UI,실제 영어 화면과 레이아웃 검사
UI-015,달력 테마 선택/미리보기,calendar_theme_picker_screen.dart,공통,320/500/501/600dp 및 기존 바형/폴드; 자동검증표에 실제 실행 범위만 기록,기본/큰글자; 키보드; 긴목록 끝; SafeArea; 접힘↔펼침/가로; 저장·뒤로가기 상태; 잘림·겹침·터치,대기,대기,대기,대기,대기,대기,대기,대기,,필수·영어UI,실제 영어 화면과 레이아웃 검사
UI-016,전체 조 설정/조 이름/오프셋/내 조,all_teams_setup_screen.dart,공통,320/500/501/600dp 및 기존 바형/폴드; 자동검증표에 실제 실행 범위만 기록,기본/큰글자; 키보드; 긴목록 끝; SafeArea; 접힘↔펼침/가로; 저장·뒤로가기 상태; 잘림·겹침·터치,대기,대기,대기,대기,대기,대기,"부분 확인 — 실제 A/B/C 설정·저장, 내 조 전환, 이름 편집 화면 확인; 배율/회전 미완",대기,"build/usb_audit_2026-09-30/r3_*, r4_*",필수·dev/영어,dev 추가 화면 또는 영어 공유 화면
UI-017,전체 근무표/월 이동/조별 긴 이름,all_shifts_view.dart,공통,320/500/501/600dp 및 기존 바형/폴드; 자동검증표에 실제 실행 범위만 기록,기본/큰글자; 키보드; 긴목록 끝; SafeArea; 접힘↔펼침/가로; 저장·뒤로가기 상태; 잘림·겹침·터치,대기,대기,대기,대기,대기,대기,부분 확인 — 실제 전체 근무표 Day Shift/Day Off가 둘 다 'Da'로 잘리는 결함 확인; 수정 보류,대기,"build/usb_audit_2026-09-30/r3_*, r4_*",필수·dev/영어,dev 추가 화면 또는 영어 공유 화면
UI-018,메모 전체목록/날짜 이동/긴 목록,memo_list_view.dart,공통,320/500/501/600dp 및 기존 바형/폴드; 자동검증표에 실제 실행 범위만 기록,기본/큰글자; 키보드; 긴목록 끝; SafeArea; 접힘↔펼침/가로; 저장·뒤로가기 상태; 잘림·겹침·터치,대기,대기,대기,대기,대기,대기,부분 확인 — 실제 영어 메모 목록과 날짜 이동 확인; 긴 목록 전체 조합 미완,대기,"build/usb_audit_2026-09-30/r3_*, r4_*",필수·영어UI,실제 영어 화면과 레이아웃 검사
UI-019,설정 메인/긴 스크롤/백업시각/탭설정,settings_tab.dart,공통,320/500/501/600dp 및 기존 바형/폴드; 자동검증표에 실제 실행 범위만 기록,기본/큰글자; 키보드; 긴목록 끝; SafeArea; 접힘↔펼침/가로; 저장·뒤로가기 상태; 잘림·겹침·터치,대기,대기,대기,대기,대기,대기,부분 확인 — 실제 화면 증거 있음; 행에 묶인 전체 상태/배율 완료 아님,대기,build/usb_audit_2026-09-30/; 전수검증_2026-09-30.md USB 후속 절,필수·영어UI,실제 영어 화면과 레이아웃 검사
UI-020,설정 근무표 메뉴/패턴 변경/초기화 확인,settings_tab.dart,공통,320/500/501/600dp 및 기존 바형/폴드; 자동검증표에 실제 실행 범위만 기록,기본/큰글자; 키보드; 긴목록 끝; SafeArea; 접힘↔펼침/가로; 저장·뒤로가기 상태; 잘림·겹침·터치,대기,대기,대기,대기,대기,대기,부분 확인 — 실제 화면 증거 있음; 행에 묶인 전체 상태/배율 완료 아님,대기,build/usb_audit_2026-09-30/; 전수검증_2026-09-30.md USB 후속 절,필수·영어UI,실제 영어 화면과 레이아웃 검사
UI-021,설정 근무명 수정/중복오류/색상 선택,settings_tab.dart,공통,320/500/501/600dp 및 기존 바형/폴드; 자동검증표에 실제 실행 범위만 기록,기본/큰글자; 키보드; 긴목록 끝; SafeArea; 접힘↔펼침/가로; 저장·뒤로가기 상태; 잘림·겹침·터치,대기,대기,대기,대기,대기,대기,대기,대기,,필수·영어UI,실제 영어 화면과 레이아웃 검사
UI-022,설정 고정알람 목록/편집/추가/저장확인,settings_tab.dart,공통,320/500/501/600dp 및 기존 바형/폴드; 자동검증표에 실제 실행 범위만 기록,기본/큰글자; 키보드; 긴목록 끝; SafeArea; 접힘↔펼침/가로; 저장·뒤로가기 상태; 잘림·겹침·터치,대기,대기,대기,대기,대기,대기,부분 확인 — 실제 화면 증거 있음; 행에 묶인 전체 상태/배율 완료 아님,대기,build/usb_audit_2026-09-30/; 전수검증_2026-09-30.md USB 후속 절,필수·영어UI,실제 영어 화면과 레이아웃 검사
UI-023,설정 알람종류/소리목록/볼륨/진동,settings_tab.dart,공통,320/500/501/600dp 및 기존 바형/폴드; 자동검증표에 실제 실행 범위만 기록,기본/큰글자; 키보드; 긴목록 끝; SafeArea; 접힘↔펼침/가로; 저장·뒤로가기 상태; 잘림·겹침·터치,대기,대기,대기,대기,대기,대기,대기,대기,,필수·영어UI,실제 영어 화면과 레이아웃 검사
UI-024,시스템 알람음 선택/문서 선택/공유시트,settings_tab.dart,공통; OS,320/500/501/600dp 및 기존 바형/폴드; 자동검증표에 실제 실행 범위만 기록,기본/큰글자; 키보드; 긴목록 끝; SafeArea; 접힘↔펼침/가로; 저장·뒤로가기 상태; 잘림·겹침·터치,대기,대기,대기,대기,대기,대기,부분 확인 — 실제 화면 증거 있음; 행에 묶인 전체 상태/배율 완료 아님,대기,build/usb_audit_2026-09-30/; 전수검증_2026-09-30.md USB 후속 절,필수·영어UI,실제 영어 화면과 레이아웃 검사
UI-025,근무시간/휴게/OT/집계기간/급여일,work_hours_settings_screen.dart,공통,320/500/501/600dp 및 기존 바형/폴드; 자동검증표에 실제 실행 범위만 기록,기본/큰글자; 키보드; 긴목록 끝; SafeArea; 접힘↔펼침/가로; 저장·뒤로가기 상태; 잘림·겹침·터치,대기,대기,대기,대기,대기,대기,대기,대기,,필수·영어UI,실제 영어 화면과 레이아웃 검사
UI-026,백업 복원 선택/정보/덮어쓰기 확인,restore_backup_screen.dart,공통,320/500/501/600dp 및 기존 바형/폴드; 자동검증표에 실제 실행 범위만 기록,기본/큰글자; 키보드; 긴목록 끝; SafeArea; 접힘↔펼침/가로; 저장·뒤로가기 상태; 잘림·겹침·터치,대기,대기,대기,대기,대기,대기,부분 확인 — 실제 화면 증거 있음; 행에 묶인 전체 상태/배율 완료 아님,대기,build/usb_audit_2026-09-30/; 전수검증_2026-09-30.md USB 후속 절,필수·영어UI,실제 영어 화면과 레이아웃 검사
UI-027,복원 진행/오류,restore_progress_screen.dart,공통,320/500/501/600dp 및 기존 바형/폴드; 자동검증표에 실제 실행 범위만 기록,기본/큰글자; 키보드; 긴목록 끝; SafeArea; 접힘↔펼침/가로; 저장·뒤로가기 상태; 잘림·겹침·터치,대기,대기,대기,대기,대기,대기,부분 확인 — 실제 화면 증거 있음; 행에 묶인 전체 상태/배율 완료 아님,대기,build/usb_audit_2026-09-30/; 전수검증_2026-09-30.md USB 후속 절,필수·영어UI,실제 영어 화면과 레이아웃 검사
UI-028,중단 복원/이어서/현재데이터 사용,restore_interrupted_screen.dart,공통,320/500/501/600dp 및 기존 바형/폴드; 자동검증표에 실제 실행 범위만 기록,기본/큰글자; 키보드; 긴목록 끝; SafeArea; 접힘↔펼침/가로; 저장·뒤로가기 상태; 잘림·겹침·터치,대기,대기,대기,대기,대기,대기,부분 확인 — 실제 화면 증거 있음; 행에 묶인 전체 상태/배율 완료 아님,대기,build/usb_audit_2026-09-30/; 전수검증_2026-09-30.md USB 후속 절,필수·영어UI,실제 영어 화면과 레이아웃 검사
UI-029,친구목록 0/1/100/미확인/손상/삭제확인,friend_list_screen.dart,KO만; EN 숨김,320/500/501/600dp 및 기존 바형/폴드; 자동검증표에 실제 실행 범위만 기록,기본/큰글자; 키보드; 긴목록 끝; SafeArea; 접힘↔펼침/가로; 저장·뒤로가기 상태; 잘림·겹침·터치,대기,대기,대기,대기,대기,대기,부분 확인 — 친구 0/1/100개·캐시·삭제 UI 실제 확인; 전체 배율 조합 미완,대기,"S26 KO 추가 점검: 100명 하단 SafeArea 수정·삭제 취소/확인. 영어는 기능 숨김; SRTL 결과와 별개.; build/usb_audit_2026-09-30/r3_*, r4_*",필수·영어UI,실제 영어 화면과 레이아웃 검사
UI-030,친구 추가 이름/코드/키보드/오류,friend_list_screen.dart,KO만; EN 숨김,320/500/501/600dp 및 기존 바형/폴드; 자동검증표에 실제 실행 범위만 기록,기본/큰글자; 키보드; 긴목록 끝; SafeArea; 접힘↔펼침/가로; 저장·뒤로가기 상태; 잘림·겹침·터치,대기,대기,대기,대기,대기,대기,대기,대기,,필수·영어UI,실제 영어 화면과 레이아웃 검사
UI-031,친구 달력/월 이동/캐시 안내,friend_calendar_view.dart,KO만; EN 숨김,320/500/501/600dp 및 기존 바형/폴드; 자동검증표에 실제 실행 범위만 기록,기본/큰글자; 키보드; 긴목록 끝; SafeArea; 접힘↔펼침/가로; 저장·뒤로가기 상태; 잘림·겹침·터치,대기,대기,대기,대기,대기,대기,부분 확인 — 서버 제거 반영·친구 달력 UI 실제 확인; 전체 배율 조합 미완,대기,"build/usb_audit_2026-09-30/r3_*, r4_*",필수·영어UI,실제 영어 화면과 레이아웃 검사
UI-032,내 공유코드/이름변경/중지/대기 배너,my_share_code_screen.dart,KO만; EN 숨김,320/500/501/600dp 및 기존 바형/폴드; 자동검증표에 실제 실행 범위만 기록,기본/큰글자; 키보드; 긴목록 끝; SafeArea; 접힘↔펼침/가로; 저장·뒤로가기 상태; 잘림·겹침·터치,대기,대기,대기,대기,대기,대기,대기,대기,,필수·영어UI,실제 영어 화면과 레이아웃 검사
UI-033,패턴 보내기/받기/붙여넣기/실패,schedule_text_transfer_screen.dart,KO만; EN 숨김,320/500/501/600dp 및 기존 바형/폴드; 자동검증표에 실제 실행 범위만 기록,기본/큰글자; 키보드; 긴목록 끝; SafeArea; 접힘↔펼침/가로; 저장·뒤로가기 상태; 잘림·겹침·터치,대기,대기,대기,대기,대기,대기,취소 — 근무 패턴 코드 기능 전체 삭제,대기,,취소·기능삭제,사용자 지시로 패턴 코드 화면 전체 삭제
UI-034,일정관리 타임라인/날짜줄/추가·수정/알림,schedule_management_tab.dart,KO만; EN 숨김,320/500/501/600dp 및 기존 바형/폴드; 자동검증표에 실제 실행 범위만 기록,기본/큰글자; 키보드; 긴목록 끝; SafeArea; 접힘↔펼침/가로; 저장·뒤로가기 상태; 잘림·겹침·터치,대기,대기,대기,대기,대기,대기,대기,대기,,필수·영어숨김/복귀,영어 숨김과 한국어 복귀 뒤 재노출·데이터 유지를 연속 검증
UI-035,수면 메인/후보/편집/근무시간/규칙 안내,condition_tab.dart,KO만; EN 숨김,320/500/501/600dp 및 기존 바형/폴드; 자동검증표에 실제 실행 범위만 기록,기본/큰글자; 키보드; 긴목록 끝; SafeArea; 접힘↔펼침/가로; 저장·뒤로가기 상태; 잘림·겹침·터치,대기,대기,대기,대기,대기,대기,대기,대기,,필수·영어숨김/복귀,영어 숨김과 한국어 복귀 뒤 재노출·데이터 유지를 연속 검증
UI-036,수면 전체달력/기록상세,sleep_calendar_full_screen.dart,KO만; EN 숨김,320/500/501/600dp 및 기존 바형/폴드; 자동검증표에 실제 실행 범위만 기록,기본/큰글자; 키보드; 긴목록 끝; SafeArea; 접힘↔펼침/가로; 저장·뒤로가기 상태; 잘림·겹침·터치,대기,대기,대기,대기,대기,대기,대기,대기,,필수·영어숨김/복귀,영어 숨김과 한국어 복귀 뒤 재노출·데이터 유지를 연속 검증
UI-037,도움말 모든 펼침 섹션/긴 설명,help_screen.dart,공통; EN 항목축소,320/500/501/600dp 및 기존 바형/폴드; 자동검증표에 실제 실행 범위만 기록,기본/큰글자; 키보드; 긴목록 끝; SafeArea; 접힘↔펼침/가로; 저장·뒤로가기 상태; 잘림·겹침·터치,대기,대기,대기,대기,대기,대기,"부분 확인 — 영어 도움말27개 본문·route·끝 스크롤, Flutter 오류 없음; 모든 배율/가로 조건 완료 아님",대기,build/usb_audit_2026-09-30/r2_*;r3_*,필수·영어UI,실제 영어 화면과 레이아웃 검사
UI-038,개인정보 전체 스크롤/외부링크,privacy_policy_screen.dart,공통; EN 문구차이,320/500/501/600dp 및 기존 바형/폴드; 자동검증표에 실제 실행 범위만 기록,기본/큰글자; 키보드; 긴목록 끝; SafeArea; 접힘↔펼침/가로; 저장·뒤로가기 상태; 잘림·겹침·터치,대기,대기,대기,대기,대기,대기,부분 확인 — 개인정보8개 영어 본문·전체 스크롤·하단 확인; 외부사이트 왕복 별도; 모든 배율/가로 조건 완료 아님,대기,build/usb_audit_2026-09-30/r2_*;r3_*,필수·영어UI,실제 영어 화면과 레이아웃 검사
UI-039,친구 웹/PWA안내/없음/오류/재시도,../web_main.dart,KO 공유 뷰어,320/500/501/600dp 및 기존 바형/폴드; 자동검증표에 실제 실행 범위만 기록,기본/큰글자; 키보드; 긴목록 끝; SafeArea; 접힘↔펼침/가로; 저장·뒤로가기 상태; 잘림·겹침·터치,대기,대기,대기,대기,대기,대기,부분 확인 — 실제 영어 PWA 첫 방문/재방문/변경/삭제/잘못된 코드 확인; 전체 배율 조합 미완,대기,"build/usb_audit_2026-09-30/r3_*, r4_*",필수·dev/영어,dev 추가 화면 또는 영어 공유 화면
UI-040,잠금 알람 전체화면/긴근무명/큰글자,native:AlarmActivity.kt,공통,320/500/501/600dp 및 기존 바형/폴드; 자동검증표에 실제 실행 범위만 기록,기본/큰글자; 키보드; 긴목록 끝; SafeArea; 접힘↔펼침/가로; 저장·뒤로가기 상태; 잘림·겹침·터치,대기,대기,대기,대기,대기,대기,대기,대기,,필수·영어UI,실제 영어 화면과 레이아웃 검사
UI-041,해제 알람 오버레이/가로/인셋,native:AlarmOverlayService.kt,공통,320/500/501/600dp 및 기존 바형/폴드; 자동검증표에 실제 실행 범위만 기록,기본/큰글자; 키보드; 긴목록 끝; SafeArea; 접힘↔펼침/가로; 저장·뒤로가기 상태; 잘림·겹침·터치,대기,대기,대기,대기,대기,대기,부분 확인 — 실제 화면 증거 있음; 행에 묶인 전체 상태/배율 완료 아님,대기,build/usb_audit_2026-09-30/; 전수검증_2026-09-30.md USB 후속 절,필수·영어UI,실제 영어 화면과 레이아웃 검사
UI-042,Flip 커버 알람/접힘펼침/2버튼,native:CoverAlarmLayout.kt,공통; Flip8,320/500/501/600dp 및 기존 바형/폴드; 자동검증표에 실제 실행 범위만 기록,기본/큰글자; 키보드; 긴목록 끝; SafeArea; 접힘↔펼침/가로; 저장·뒤로가기 상태; 잘림·겹침·터치,대기,대기,대기,대기,대기,대기,대기,대기,,SRTL·사용자,Flip 커버 실물 필요
UI-043,사전알림/제어알림/완료알림/언어,native:NotificationHelper.kt,공통,320/500/501/600dp 및 기존 바형/폴드; 자동검증표에 실제 실행 범위만 기록,기본/큰글자; 키보드; 긴목록 끝; SafeArea; 접힘↔펼침/가로; 저장·뒤로가기 상태; 잘림·겹침·터치,대기,대기,대기,대기,대기,대기,부분 확인 — 영어 알림 Snooze 5m·Dismiss alarm·사전알림 실제 표시/동작; 모든 배율/가로 조건 완료 아님,대기,build/usb_audit_2026-09-30/r2_*;r3_*,필수·영어UI,실제 영어 화면과 레이아웃 검사
UI-044,홈 달력 위젯 최소폭/월전체/메모3개/긴근무명,native:CalendarWidgetProvider.kt,공통,320/500/501/600dp 및 기존 바형/폴드; 자동검증표에 실제 실행 범위만 기록,기본/큰글자; 키보드; 긴목록 끝; SafeArea; 접힘↔펼침/가로; 저장·뒤로가기 상태; 잘림·겹침·터치,대기,대기,대기,대기,대기,대기,"부분 확인 — 실제 US 일요일·GB 월요일, 영어 근무명·메모3개 표시 확인; 월 전체 높이는 홈 공간 부족으로 미확인",대기,"build/usb_audit_2026-09-30/r3_*, r4_*",필수·영어UI,실제 영어 화면과 레이아웃 검사
UI-045,수면 위젯/후보/시작종료,native:SleepWidgetProvider.kt,KO만; EN 비활성,320/500/501/600dp 및 기존 바형/폴드; 자동검증표에 실제 실행 범위만 기록,기본/큰글자; 키보드; 긴목록 끝; SafeArea; 접힘↔펼침/가로; 저장·뒤로가기 상태; 잘림·겹침·터치,대기,대기,대기,대기,대기,대기,부분 확인 — EN 공급자 없음→KO 재등록→EN 다시 없음; KO 수면 기록의 EN/KO 왕복 보존 확인. 실제 기존 홈 배치와 후보/시작·종료는 미완,대기,build/usb_audit_2026-09-30/r5_sleep_*.vm.json,필수·영어숨김/복귀,영어 숨김과 한국어 복귀 뒤 재노출·데이터 유지를 연속 검증
UI-046,달력 테마 mainWhite 0/1/3메모·6주·공휴일,calendar_tab.dart,KO 전체; EN 허용6개/나머지 fallback,320/500/501/600dp 및 기존 바형/폴드; 자동검증표에 실제 실행 범위만 기록,기본/큰글자; 키보드; 긴목록 끝; SafeArea; 접힘↔펼침/가로; 저장·뒤로가기 상태; 잘림·겹침·터치,대기,대기,대기,대기,대기,대기,"부분 확인 — 실제 영어 테마 6종 정상/150% 배율, 긴 메모3개, US/GB 주 시작 확인; 전체 조합 미완",대기,"build/usb_audit_2026-09-30/r3_en_theme_mainWhite.png; build/usb_audit_2026-09-30/r3_large_notes_*, r4_*",필수·영어UI,실제 영어 화면과 레이아웃 검사
UI-047,달력 테마 mainDark 0/1/3메모·6주·공휴일,calendar_tab.dart,KO 전체; EN 허용6개/나머지 fallback,320/500/501/600dp 및 기존 바형/폴드; 자동검증표에 실제 실행 범위만 기록,기본/큰글자; 키보드; 긴목록 끝; SafeArea; 접힘↔펼침/가로; 저장·뒤로가기 상태; 잘림·겹침·터치,대기,대기,대기,대기,대기,대기,"부분 확인 — 실제 영어 테마 6종 정상/150% 배율, 긴 메모3개, US/GB 주 시작 확인; 전체 조합 미완",대기,"build/usb_audit_2026-09-30/r3_en_theme_mainDark.png; build/usb_audit_2026-09-30/r3_large_notes_*, r4_*",필수·영어UI,실제 영어 화면과 레이아웃 검사
UI-048,달력 테마 minimal 0/1/3메모·6주·공휴일,calendar_tab.dart,KO 전체; EN 허용6개/나머지 fallback,320/500/501/600dp 및 기존 바형/폴드; 자동검증표에 실제 실행 범위만 기록,기본/큰글자; 키보드; 긴목록 끝; SafeArea; 접힘↔펼침/가로; 저장·뒤로가기 상태; 잘림·겹침·터치,대기,대기,대기,대기,대기,대기,"부분 확인 — 실제 영어 테마 6종 정상/150% 배율, 긴 메모3개, US/GB 주 시작 확인; 전체 조합 미완",대기,"build/usb_audit_2026-09-30/r3_en_theme_minimal.png; build/usb_audit_2026-09-30/r3_large_notes_*, r4_*",필수·영어UI,실제 영어 화면과 레이아웃 검사
UI-049,달력 테마 materialCard 0/1/3메모·6주·공휴일,calendar_tab.dart,KO 전체; EN 허용6개/나머지 fallback,320/500/501/600dp 및 기존 바형/폴드; 자동검증표에 실제 실행 범위만 기록,기본/큰글자; 키보드; 긴목록 끝; SafeArea; 접힘↔펼침/가로; 저장·뒤로가기 상태; 잘림·겹침·터치,대기,대기,대기,대기,대기,대기,"부분 확인 — 실제 영어 테마 6종 정상/150% 배율, 긴 메모3개, US/GB 주 시작 확인; 전체 조합 미완",대기,"build/usb_audit_2026-09-30/r3_en_theme_materialCard.png; build/usb_audit_2026-09-30/r3_large_notes_*, r4_*",필수·영어UI,실제 영어 화면과 레이아웃 검사
UI-050,달력 테마 boldGrid 0/1/3메모·6주·공휴일,calendar_tab.dart,KO 전체; EN 허용6개/나머지 fallback,320/500/501/600dp 및 기존 바형/폴드; 자동검증표에 실제 실행 범위만 기록,기본/큰글자; 키보드; 긴목록 끝; SafeArea; 접힘↔펼침/가로; 저장·뒤로가기 상태; 잘림·겹침·터치,대기,대기,대기,대기,대기,대기,"부분 확인 — 실제 영어 테마 6종 정상/150% 배율, 긴 메모3개, US/GB 주 시작 확인; 전체 조합 미완",대기,"build/usb_audit_2026-09-30/r3_en_theme_boldGrid.png; build/usb_audit_2026-09-30/r3_large_notes_*, r4_*",필수·영어UI,실제 영어 화면과 레이아웃 검사
UI-051,달력 테마 initialBadge 0/1/3메모·6주·공휴일,calendar_tab.dart,KO 전체; EN 허용6개/나머지 fallback,320/500/501/600dp 및 기존 바형/폴드; 자동검증표에 실제 실행 범위만 기록,기본/큰글자; 키보드; 긴목록 끝; SafeArea; 접힘↔펼침/가로; 저장·뒤로가기 상태; 잘림·겹침·터치,대기,대기,대기,대기,대기,대기,대기,대기,,필수·영어숨김/복귀,영어 숨김과 한국어 복귀 뒤 재노출·데이터 유지를 연속 검증
UI-052,달력 테마 underline 0/1/3메모·6주·공휴일,calendar_tab.dart,KO 전체; EN 허용6개/나머지 fallback,320/500/501/600dp 및 기존 바형/폴드; 자동검증표에 실제 실행 범위만 기록,기본/큰글자; 키보드; 긴목록 끝; SafeArea; 접힘↔펼침/가로; 저장·뒤로가기 상태; 잘림·겹침·터치,대기,대기,대기,대기,대기,대기,대기,대기,,필수·영어숨김/복귀,영어 숨김과 한국어 복귀 뒤 재노출·데이터 유지를 연속 검증
UI-053,달력 테마 eventChip 0/1/3메모·6주·공휴일,calendar_tab.dart,KO 전체; EN 허용6개/나머지 fallback,320/500/501/600dp 및 기존 바형/폴드; 자동검증표에 실제 실행 범위만 기록,기본/큰글자; 키보드; 긴목록 끝; SafeArea; 접힘↔펼침/가로; 저장·뒤로가기 상태; 잘림·겹침·터치,대기,대기,대기,대기,대기,대기,대기,대기,,필수·영어숨김/복귀,영어 숨김과 한국어 복귀 뒤 재노출·데이터 유지를 연속 검증
UI-054,달력 테마 editorial 0/1/3메모·6주·공휴일,calendar_tab.dart,KO 전체; EN 허용6개/나머지 fallback,320/500/501/600dp 및 기존 바형/폴드; 자동검증표에 실제 실행 범위만 기록,기본/큰글자; 키보드; 긴목록 끝; SafeArea; 접힘↔펼침/가로; 저장·뒤로가기 상태; 잘림·겹침·터치,대기,대기,대기,대기,대기,대기,대기,대기,,필수·영어숨김/복귀,영어 숨김과 한국어 복귀 뒤 재노출·데이터 유지를 연속 검증
UI-055,달력 테마 diary 0/1/3메모·6주·공휴일,calendar_tab.dart,KO 전체; EN 허용6개/나머지 fallback,320/500/501/600dp 및 기존 바형/폴드; 자동검증표에 실제 실행 범위만 기록,기본/큰글자; 키보드; 긴목록 끝; SafeArea; 접힘↔펼침/가로; 저장·뒤로가기 상태; 잘림·겹침·터치,대기,대기,대기,대기,대기,대기,"부분 확인 — 실제 영어 테마 6종 정상/150% 배율, 긴 메모3개, US/GB 주 시작 확인; 전체 조합 미완",대기,"build/usb_audit_2026-09-30/r3_en_theme_diary.png; build/usb_audit_2026-09-30/r3_large_notes_*, r4_*",필수·영어UI,실제 영어 화면과 레이아웃 검사
