키,후보,첫판단근거,호출위치,웹뷰어,필요조치,기존사유대조
commonChange,한국어 전용 리소스 분리; 네 번역 삭제,현재 제품 진입 없음,,공유 웹 직접/공통 컴포넌트 의존 없음,외국어 신규 경로 비도달; 직접/열린/지연 경로 추가 차단 후 이동,이 파일 작성 뒤 1·2·3차 상세 변경원장 대조
commonRefresh,한국어 전용 리소스 분리; 네 번역 삭제,현재 제품 진입 없음,,공유 웹 직접/공통 컴포넌트 의존 없음,외국어 신규 경로 비도달; 직접/열린/지연 경로 추가 차단 후 이동,이 파일 작성 뒤 1·2·3차 상세 변경원장 대조
commonGetStarted,한국어 전용 리소스 분리; 네 번역 삭제,현재 제품 진입 없음,,공유 웹 직접/공통 컴포넌트 의존 없음,외국어 신규 경로 비도달; 직접/열린/지연 경로 추가 차단 후 이동,이 파일 작성 뒤 1·2·3차 상세 변경원장 대조
commonShare,한국어 전용 리소스 분리; 네 번역 삭제,한국어 전용 기능 진입/도움말/테마 범위,lib/screens/my_share_code_screen.dart:385,공유 웹 직접/공통 컴포넌트 의존 없음,외국어 신규 경로 비도달; 직접/열린/지연 경로 추가 차단 후 이동,이 파일 작성 뒤 1·2·3차 상세 변경원장 대조
commonCopy,한국어 전용 리소스 분리; 네 번역 삭제,한국어 전용 기능 진입/도움말/테마 범위,lib/screens/my_share_code_screen.dart:442,공유 웹 직접/공통 컴포넌트 의존 없음,외국어 신규 경로 비도달; 직접/열린/지연 경로 추가 차단 후 이동,이 파일 작성 뒤 1·2·3차 상세 변경원장 대조
navFriendShare,한국어 전용 리소스 분리; 네 번역 삭제,현재 제품 진입 없음,,공유 웹 직접/공통 컴포넌트 의존 없음,외국어 신규 경로 비도달; 직접/열린/지연 경로 추가 차단 후 이동,이 파일 작성 뒤 1·2·3차 상세 변경원장 대조
navScheduleManagement,한국어 전용 리소스 분리; 네 번역 삭제,한국어 전용 기능 진입/도움말/테마 범위,lib/main.dart:777; lib/screens/schedule_management_tab.dart:2375,공유 웹 직접/공통 컴포넌트 의존 없음,외국어 신규 경로 비도달; 직접/열린/지연 경로 추가 차단 후 이동,이 파일 작성 뒤 1·2·3차 상세 변경원장 대조
disableTabButtonLabel,한국어 전용 리소스 분리; 네 번역 삭제,한국어 전용 기능 진입/도움말/테마 범위,lib/widgets/disable_tab_button.dart:69; lib/widgets/disable_tab_button.dart:128,공유 웹 직접/공통 컴포넌트 의존 없음,외국어 신규 경로 비도달; 직접/열린/지연 경로 추가 차단 후 이동,이 파일 작성 뒤 1·2·3차 상세 변경원장 대조
disableTabDialogBody,한국어 전용 리소스 분리; 네 번역 삭제,한국어 전용 기능 진입/도움말/테마 범위,lib/widgets/disable_tab_button.dart:71,공유 웹 직접/공통 컴포넌트 의존 없음,외국어 신규 경로 비도달; 직접/열린/지연 경로 추가 차단 후 이동,이 파일 작성 뒤 1·2·3차 상세 변경원장 대조
scheduleTabDisableExtraNotice,한국어 전용 리소스 분리; 네 번역 삭제,한국어 전용 기능 진입/도움말/테마 범위,lib/screens/schedule_management_tab.dart:2378,공유 웹 직접/공통 컴포넌트 의존 없음,외국어 신규 경로 비도달; 직접/열린/지연 경로 추가 차단 후 이동,이 파일 작성 뒤 1·2·3차 상세 변경원장 대조
settingsScheduleTabReenableTitle,한국어 전용 리소스 분리; 네 번역 삭제,한국어 전용 기능 진입/도움말/테마 범위,lib/screens/settings_tab.dart:605,공유 웹 직접/공통 컴포넌트 의존 없음,외국어 신규 경로 비도달; 직접/열린/지연 경로 추가 차단 후 이동,이 파일 작성 뒤 1·2·3차 상세 변경원장 대조
settingsScheduleTabReenableSubtitle,한국어 전용 리소스 분리; 네 번역 삭제,한국어 전용 기능 진입/도움말/테마 범위,lib/screens/settings_tab.dart:607,공유 웹 직접/공통 컴포넌트 의존 없음,외국어 신규 경로 비도달; 직접/열린/지연 경로 추가 차단 후 이동,이 파일 작성 뒤 1·2·3차 상세 변경원장 대조
shiftWork,한국어 전용 리소스 분리; 네 번역 삭제,현재 제품 진입 없음,,공유 웹 직접/공통 컴포넌트 의존 없음,외국어 신규 경로 비도달; 직접/열린/지연 경로 추가 차단 후 이동,이 파일 작성 뒤 1·2·3차 상세 변경원장 대조
settingsPatternTodayMarker,한국어 전용 리소스 분리; 네 번역 삭제,현재 제품 진입 없음,,공유 웹 직접/공통 컴포넌트 의존 없음,외국어 신규 경로 비도달; 직접/열린/지연 경로 추가 차단 후 이동,이 파일 작성 뒤 1·2·3차 상세 변경원장 대조
shiftTeam,한국어 전용 리소스 분리; 네 번역 삭제,현재 제품 진입 없음,,공유 웹 직접/공통 컴포넌트 의존 없음,외국어 신규 경로 비도달; 직접/열린/지연 경로 추가 차단 후 이동,이 파일 작성 뒤 1·2·3차 상세 변경원장 대조
shiftRegularPattern,한국어 전용 리소스 분리; 네 번역 삭제,현재 제품 진입 없음,,공유 웹 직접/공통 컴포넌트 의존 없음,외국어 신규 경로 비도달; 직접/열린/지연 경로 추가 차단 후 이동,이 파일 작성 뒤 1·2·3차 상세 변경원장 대조
shiftIrregularPattern,한국어 전용 리소스 분리; 네 번역 삭제,현재 제품 진입 없음,,공유 웹 직접/공통 컴포넌트 의존 없음,외국어 신규 경로 비도달; 직접/열린/지연 경로 추가 차단 후 이동,이 파일 작성 뒤 1·2·3차 상세 변경원장 대조
shiftWorkHours,한국어 전용 리소스 분리; 네 번역 삭제,현재 제품 진입 없음,,공유 웹 직접/공통 컴포넌트 의존 없음,외국어 신규 경로 비도달; 직접/열린/지연 경로 추가 차단 후 이동,이 파일 작성 뒤 1·2·3차 상세 변경원장 대조
shiftPayday,한국어 전용 리소스 분리; 네 번역 삭제,현재 제품 진입 없음,,공유 웹 직접/공통 컴포넌트 의존 없음,외국어 신규 경로 비도달; 직접/열린/지연 경로 추가 차단 후 이동,이 파일 작성 뒤 1·2·3차 상세 변경원장 대조
alarmNext,한국어 전용 리소스 분리; 네 번역 삭제,현재 제품 진입 없음,,공유 웹 직접/공통 컴포넌트 의존 없음,외국어 신규 경로 비도달; 직접/열린/지연 경로 추가 차단 후 이동,이 파일 작성 뒤 1·2·3차 상세 변경원장 대조
alarmFixed,한국어 전용 리소스 분리; 네 번역 삭제,현재 제품 진입 없음,,공유 웹 직접/공통 컴포넌트 의존 없음,외국어 신규 경로 비도달; 직접/열린/지연 경로 추가 차단 후 이동,이 파일 작성 뒤 1·2·3차 상세 변경원장 대조
alarmType,한국어 전용 리소스 분리; 네 번역 삭제,현재 제품 진입 없음,,공유 웹 직접/공통 컴포넌트 의존 없음,외국어 신규 경로 비도달; 직접/열린/지연 경로 추가 차단 후 이동,이 파일 작성 뒤 1·2·3차 상세 변경원장 대조
alarmRemoved,한국어 전용 리소스 분리; 네 번역 삭제,현재 제품 진입 없음,,공유 웹 직접/공통 컴포넌트 의존 없음,외국어 신규 경로 비도달; 직접/열린/지연 경로 추가 차단 후 이동,이 파일 작성 뒤 1·2·3차 상세 변경원장 대조
alarmSnooze5Min,한국어 전용 리소스 분리; 네 번역 삭제,현재 제품 진입 없음,,공유 웹 직접/공통 컴포넌트 의존 없음,외국어 신규 경로 비도달; 직접/열린/지연 경로 추가 차단 후 이동,이 파일 작성 뒤 1·2·3차 상세 변경원장 대조
alarmCountAll,한국어 전용 리소스 분리; 네 번역 삭제,현재 제품 진입 없음,,공유 웹 직접/공통 컴포넌트 의존 없음,외국어 신규 경로 비도달; 직접/열린/지연 경로 추가 차단 후 이동,이 파일 작성 뒤 1·2·3차 상세 변경원장 대조
alarmCountFuture,한국어 전용 리소스 분리; 네 번역 삭제,현재 제품 진입 없음,,공유 웹 직접/공통 컴포넌트 의존 없음,외국어 신규 경로 비도달; 직접/열린/지연 경로 추가 차단 후 이동,이 파일 작성 뒤 1·2·3차 상세 변경원장 대조
alarmCountPast,한국어 전용 리소스 분리; 네 번역 삭제,현재 제품 진입 없음,,공유 웹 직접/공통 컴포넌트 의존 없음,외국어 신규 경로 비도달; 직접/열린/지연 경로 추가 차단 후 이동,이 파일 작성 뒤 1·2·3차 상세 변경원장 대조
calendarMemo,한국어 전용 리소스 분리; 네 번역 삭제,현재 제품 진입 없음,,공유 웹 직접/공통 컴포넌트 의존 없음,외국어 신규 경로 비도달; 직접/열린/지연 경로 추가 차단 후 이동,이 파일 작성 뒤 1·2·3차 상세 변경원장 대조
calendarFriendQuickAccessLabel,한국어 전용 리소스 분리; 네 번역 삭제,현재 제품 진입 없음,,공유 웹 직접/공통 컴포넌트 의존 없음,외국어 신규 경로 비도달; 직접/열린/지연 경로 추가 차단 후 이동,이 파일 작성 뒤 1·2·3차 상세 변경원장 대조
calendarTapDateToEnter,한국어 전용 리소스 분리; 네 번역 삭제,현재 제품 진입 없음,,공유 웹 직접/공통 컴포넌트 의존 없음,외국어 신규 경로 비도달; 직접/열린/지연 경로 추가 차단 후 이동,이 파일 작성 뒤 1·2·3차 상세 변경원장 대조
calendarMemoDetailTitle,한국어 전용 리소스 분리; 네 번역 삭제,현재 제품 진입 없음,,공유 웹 직접/공통 컴포넌트 의존 없음,외국어 신규 경로 비도달; 직접/열린/지연 경로 추가 차단 후 이동,이 파일 작성 뒤 1·2·3차 상세 변경원장 대조
onboardingFixedPatternQuestion,한국어 전용 리소스 분리; 네 번역 삭제,현재 제품 진입 없음,,공유 웹 직접/공통 컴포넌트 의존 없음,외국어 신규 경로 비도달; 직접/열린/지연 경로 추가 차단 후 이동,이 파일 작성 뒤 1·2·3차 상세 변경원장 대조
onboardingYesRegular,한국어 전용 리소스 분리; 네 번역 삭제,현재 제품 진입 없음,,공유 웹 직접/공통 컴포넌트 의존 없음,외국어 신규 경로 비도달; 직접/열린/지연 경로 추가 차단 후 이동,이 파일 작성 뒤 1·2·3차 상세 변경원장 대조
onboardingNoIrregular,한국어 전용 리소스 분리; 네 번역 삭제,현재 제품 진입 없음,,공유 웹 직접/공통 컴포넌트 의존 없음,외국어 신규 경로 비도달; 직접/열린/지연 경로 추가 차단 후 이동,이 파일 작성 뒤 1·2·3차 상세 변경원장 대조
onboardingCheckShiftTypes,한국어 전용 리소스 분리; 네 번역 삭제,현재 제품 진입 없음,,공유 웹 직접/공통 컴포넌트 의존 없음,외국어 신규 경로 비도달; 직접/열린/지연 경로 추가 차단 후 이동,이 파일 작성 뒤 1·2·3차 상세 변경원장 대조
onboardingAddIfMissing,한국어 전용 리소스 분리; 네 번역 삭제,현재 제품 진입 없음,,공유 웹 직접/공통 컴포넌트 의존 없음,외국어 신규 경로 비도달; 직접/열린/지연 경로 추가 차단 후 이동,이 파일 작성 뒤 1·2·3차 상세 변경원장 대조
onboardingUsableEvenIfNotInPattern,한국어 전용 리소스 분리; 네 번역 삭제,현재 제품 진입 없음,,공유 웹 직접/공통 컴포넌트 의존 없음,외국어 신규 경로 비도달; 직접/열린/지연 경로 추가 차단 후 이동,이 파일 작성 뒤 1·2·3차 상세 변경원장 대조
onboardingSwitchToIrregularPrefix,한국어 전용 리소스 분리; 네 번역 삭제,현재 제품 진입 없음,,공유 웹 직접/공통 컴포넌트 의존 없음,외국어 신규 경로 비도달; 직접/열린/지연 경로 추가 차단 후 이동,이 파일 작성 뒤 1·2·3차 상세 변경원장 대조
onboardingSwitchToIrregularLink,한국어 전용 리소스 분리; 네 번역 삭제,현재 제품 진입 없음,,공유 웹 직접/공통 컴포넌트 의존 없음,외국어 신규 경로 비도달; 직접/열린/지연 경로 추가 차단 후 이동,이 파일 작성 뒤 1·2·3차 상세 변경원장 대조
onboardingSwitchToIrregularSuffix,한국어 전용 리소스 분리; 네 번역 삭제,현재 제품 진입 없음,,공유 웹 직접/공통 컴포넌트 의존 없음,외국어 신규 경로 비도달; 직접/열린/지연 경로 추가 차단 후 이동,이 파일 작성 뒤 1·2·3차 상세 변경원장 대조
onboardingSelectAllInPattern,한국어 전용 리소스 분리; 네 번역 삭제,현재 제품 진입 없음,,공유 웹 직접/공통 컴포넌트 의존 없음,외국어 신규 경로 비도달; 직접/열린/지연 경로 추가 차단 후 이동,이 파일 작성 뒤 1·2·3차 상세 변경원장 대조
onboardingShiftNameHint,한국어 전용 리소스 분리; 네 번역 삭제,현재 제품 진입 없음,,공유 웹 직접/공통 컴포넌트 의존 없음,외국어 신규 경로 비도달; 직접/열린/지연 경로 추가 차단 후 이동,이 파일 작성 뒤 1·2·3차 상세 변경원장 대조
onboardingAllSet,한국어 전용 리소스 분리; 네 번역 삭제,현재 제품 진입 없음,,공유 웹 직접/공통 컴포넌트 의존 없음,외국어 신규 경로 비도달; 직접/열린/지연 경로 추가 차단 후 이동,이 파일 작성 뒤 1·2·3차 상세 변경원장 대조
onboardingScheduleTabPopupTitle,한국어 전용 리소스 분리; 네 번역 삭제,한국어 전용 기능 진입/도움말/테마 범위,lib/widgets/onboarding_info_popups.dart:316,공유 웹 직접/공통 컴포넌트 의존 없음,외국어 신규 경로 비도달; 직접/열린/지연 경로 추가 차단 후 이동,이 파일 작성 뒤 1·2·3차 상세 변경원장 대조
onboardingScheduleTabPopupBody,한국어 전용 리소스 분리; 네 번역 삭제,한국어 전용 기능 진입/도움말/테마 범위,lib/widgets/onboarding_info_popups.dart:317,공유 웹 직접/공통 컴포넌트 의존 없음,외국어 신규 경로 비도달; 직접/열린/지연 경로 추가 차단 후 이동,이 파일 작성 뒤 1·2·3차 상세 변경원장 대조
settingsFriendShareDesc,한국어 전용 리소스 분리; 네 번역 삭제,현재 제품 진입 없음,,공유 웹 직접/공통 컴포넌트 의존 없음,외국어 신규 경로 비도달; 직접/열린/지연 경로 추가 차단 후 이동,이 파일 작성 뒤 1·2·3차 상세 변경원장 대조
settingsEditShiftNameDesc,한국어 전용 리소스 분리; 네 번역 삭제,현재 제품 진입 없음,,공유 웹 직접/공통 컴포넌트 의존 없음,외국어 신규 경로 비도달; 직접/열린/지연 경로 추가 차단 후 이동,이 파일 작성 뒤 1·2·3차 상세 변경원장 대조
settingsDataBackupDesc,한국어 전용 리소스 분리; 네 번역 삭제,현재 제품 진입 없음,,공유 웹 직접/공통 컴포넌트 의존 없음,외국어 신규 경로 비도달; 직접/열린/지연 경로 추가 차단 후 이동,이 파일 작성 뒤 1·2·3차 상세 변경원장 대조
settingsDataBackupLastSavedAt,한국어 전용 리소스 분리; 네 번역 삭제,현재 제품 진입 없음,,공유 웹 직접/공통 컴포넌트 의존 없음,외국어 신규 경로 비도달; 직접/열린/지연 경로 추가 차단 후 이동,이 파일 작성 뒤 1·2·3차 상세 변경원장 대조
customAlarmLabel,한국어 전용 리소스 분리; 네 번역 삭제,한국어 전용 기능 진입/도움말/테마 범위,lib/screens/all_alarms_history_view.dart:426; lib/screens/calendar_tab.dart:685; lib/screens/next_alarm_tab.dart:425; lib/screens/next_alarm_tab.dart:799; lib/widgets/calendar_header_actions.dart:71; lib/widgets/custom_alarm_widgets.dart:239,공유 웹 직접/공통 컴포넌트 의존 없음,외국어 신규 경로 비도달; 직접/열린/지연 경로 추가 차단 후 이동,이 파일 작성 뒤 1·2·3차 상세 변경원장 대조
customAlarmEditTooltip,한국어 전용 리소스 분리; 네 번역 삭제,한국어 전용 기능 진입/도움말/테마 범위,lib/widgets/custom_alarm_preset_panel.dart:133,공유 웹 직접/공통 컴포넌트 의존 없음,외국어 신규 경로 비도달; 직접/열린/지연 경로 추가 차단 후 이동,이 파일 작성 뒤 1·2·3차 상세 변경원장 대조
customAlarmEditorTitle,한국어 전용 리소스 분리; 네 번역 삭제,현재 제품 진입 없음,,공유 웹 직접/공통 컴포넌트 의존 없음,외국어 신규 경로 비도달; 직접/열린/지연 경로 추가 차단 후 이동,이 파일 작성 뒤 1·2·3차 상세 변경원장 대조
customAlarmEditorDesc,한국어 전용 리소스 분리; 네 번역 삭제,현재 제품 진입 없음,,공유 웹 직접/공통 컴포넌트 의존 없음,외국어 신규 경로 비도달; 직접/열린/지연 경로 추가 차단 후 이동,이 파일 작성 뒤 1·2·3차 상세 변경원장 대조
customAlarmSlotEmpty,한국어 전용 리소스 분리; 네 번역 삭제,한국어 전용 기능 진입/도움말/테마 범위,lib/widgets/custom_alarm_widgets.dart:70,공유 웹 직접/공통 컴포넌트 의존 없음,외국어 신규 경로 비도달; 직접/열린/지연 경로 추가 차단 후 이동,이 파일 작성 뒤 1·2·3차 상세 변경원장 대조
customAlarmSlotClear,한국어 전용 리소스 분리; 네 번역 삭제,현재 제품 진입 없음,,공유 웹 직접/공통 컴포넌트 의존 없음,외국어 신규 경로 비도달; 직접/열린/지연 경로 추가 차단 후 이동,이 파일 작성 뒤 1·2·3차 상세 변경원장 대조
customAlarmAssignHint,한국어 전용 리소스 분리; 네 번역 삭제,한국어 전용 기능 진입/도움말/테마 범위,lib/screens/calendar_tab.dart:3452,공유 웹 직접/공통 컴포넌트 의존 없음,외국어 신규 경로 비도달; 직접/열린/지연 경로 추가 차단 후 이동,이 파일 작성 뒤 1·2·3차 상세 변경원장 대조
customAlarmScheduledToday,한국어 전용 리소스 분리; 네 번역 삭제,현재 제품 진입 없음,,공유 웹 직접/공통 컴포넌트 의존 없음,외국어 신규 경로 비도달; 직접/열린/지연 경로 추가 차단 후 이동,이 파일 작성 뒤 1·2·3차 상세 변경원장 대조
customAlarmScheduledOn,한국어 전용 리소스 분리; 네 번역 삭제,현재 제품 진입 없음,,공유 웹 직접/공통 컴포넌트 의존 없음,외국어 신규 경로 비도달; 직접/열린/지연 경로 추가 차단 후 이동,이 파일 작성 뒤 1·2·3차 상세 변경원장 대조
customAlarmScheduledSoon,한국어 전용 리소스 분리; 네 번역 삭제,현재 제품 진입 없음,,공유 웹 직접/공통 컴포넌트 의존 없음,외국어 신규 경로 비도달; 직접/열린/지연 경로 추가 차단 후 이동,이 파일 작성 뒤 1·2·3차 상세 변경원장 대조
customAlarmPast,한국어 전용 리소스 분리; 네 번역 삭제,한국어 전용 기능 진입/도움말/테마 범위,lib/widgets/custom_alarm_widgets.dart:50,공유 웹 직접/공통 컴포넌트 의존 없음,외국어 신규 경로 비도달; 직접/열린/지연 경로 추가 차단 후 이동,이 파일 작성 뒤 1·2·3차 상세 변경원장 대조
customAlarmOutsideWindow,한국어 전용 리소스 분리; 네 번역 삭제,한국어 전용 기능 진입/도움말/테마 범위,lib/widgets/custom_alarm_widgets.dart:52,공유 웹 직접/공통 컴포넌트 의존 없음,외국어 신규 경로 비도달; 직접/열린/지연 경로 추가 차단 후 이동,이 파일 작성 뒤 1·2·3차 상세 변경원장 대조
customAlarmDuplicate,한국어 전용 리소스 분리; 네 번역 삭제,현재 제품 진입 없음,,공유 웹 직접/공통 컴포넌트 의존 없음,외국어 신규 경로 비도달; 직접/열린/지연 경로 추가 차단 후 이동,이 파일 작성 뒤 1·2·3차 상세 변경원장 대조
customAlarmScheduleFailed,한국어 전용 리소스 분리; 네 번역 삭제,한국어 전용 기능 진입/도움말/테마 범위,lib/widgets/custom_alarm_widgets.dart:68,공유 웹 직접/공통 컴포넌트 의존 없음,외국어 신규 경로 비도달; 직접/열린/지연 경로 추가 차단 후 이동,이 파일 작성 뒤 1·2·3차 상세 변경원장 대조
customAlarmUndo,한국어 전용 리소스 분리; 네 번역 삭제,현재 제품 진입 없음,,공유 웹 직접/공통 컴포넌트 의존 없음,외국어 신규 경로 비도달; 직접/열린/지연 경로 추가 차단 후 이동,이 파일 작성 뒤 1·2·3차 상세 변경원장 대조
customAlarmDeleted,한국어 전용 리소스 분리; 네 번역 삭제,한국어 전용 기능 진입/도움말/테마 범위,lib/widgets/custom_alarm_widgets.dart:296,공유 웹 직접/공통 컴포넌트 의존 없음,외국어 신규 경로 비도달; 직접/열린/지연 경로 추가 차단 후 이동,이 파일 작성 뒤 1·2·3차 상세 변경원장 대조
customAlarmDeleteConfirm,한국어 전용 리소스 분리; 네 번역 삭제,한국어 전용 기능 진입/도움말/테마 범위,lib/widgets/custom_alarm_widgets.dart:269,공유 웹 직접/공통 컴포넌트 의존 없음,외국어 신규 경로 비도달; 직접/열린/지연 경로 추가 차단 후 이동,이 파일 작성 뒤 1·2·3차 상세 변경원장 대조
fixedAlarmSkippedByOneTap,한국어 전용 리소스 분리; 네 번역 삭제,원터치: 생성 UI 없음; 충돌 조건 자체는 언어 차단 아님,lib/screens/calendar_tab.dart:6515; lib/screens/calendar_tab.dart:6522; lib/screens/settings_tab.dart:1322; lib/utils/apply_schedule_change.dart:128,공유 웹 직접/공통 컴포넌트 의존 없음,외국어 신규 경로 비도달; 직접/열린/지연 경로 추가 차단 후 이동,이 파일 작성 뒤 1·2·3차 상세 변경원장 대조
backupRestoreManualPickLink,한국어 전용 리소스 분리; 네 번역 삭제,현재 제품 진입 없음,,공유 웹 직접/공통 컴포넌트 의존 없음,외국어 신규 경로 비도달; 직접/열린/지연 경로 추가 차단 후 이동,이 파일 작성 뒤 1·2·3차 상세 변경원장 대조
onboardingHasBackupTitle,한국어 전용 리소스 분리; 네 번역 삭제,현재 제품 진입 없음,,공유 웹 직접/공통 컴포넌트 의존 없음,외국어 신규 경로 비도달; 직접/열린/지연 경로 추가 차단 후 이동,이 파일 작성 뒤 1·2·3차 상세 변경원장 대조
onboardingHasBackupLoadButton,한국어 전용 리소스 분리; 네 번역 삭제,현재 제품 진입 없음,,공유 웹 직접/공통 컴포넌트 의존 없음,외국어 신규 경로 비도달; 직접/열린/지연 경로 추가 차단 후 이동,이 파일 작성 뒤 1·2·3차 상세 변경원장 대조
backupRestoreManualPickHint,한국어 전용 리소스 분리; 네 번역 삭제,현재 제품 진입 없음,,공유 웹 직접/공통 컴포넌트 의존 없음,외국어 신규 경로 비도달; 직접/열린/지연 경로 추가 차단 후 이동,이 파일 작성 뒤 1·2·3차 상세 변경원장 대조
settingsScheduleChangedRedoAllTeamsHint,한국어 전용 리소스 분리; 네 번역 삭제,현재 제품 진입 없음,,공유 웹 직접/공통 컴포넌트 의존 없음,외국어 신규 경로 비도달; 직접/열린/지연 경로 추가 차단 후 이동,이 파일 작성 뒤 1·2·3차 상세 변경원장 대조
settingsResetScheduleSharingFailed,한국어 전용 리소스 분리; 네 번역 삭제,한국어 전용 기능 진입/도움말/테마 범위,lib/screens/settings_tab.dart:313,공유 웹 직접/공통 컴포넌트 의존 없음,외국어 신규 경로 비도달; 직접/열린/지연 경로 추가 차단 후 이동,이 파일 작성 뒤 1·2·3차 상세 변경원장 대조
workHoursEditDialogTitle,한국어 전용 리소스 분리; 네 번역 삭제,현재 제품 진입 없음,,공유 웹 직접/공통 컴포넌트 의존 없음,외국어 신규 경로 비도달; 직접/열린/지연 경로 추가 차단 후 이동,이 파일 작성 뒤 1·2·3차 상세 변경원장 대조
workHoursUnitHourLabel,한국어 전용 리소스 분리; 네 번역 삭제,현재 제품 진입 없음,,공유 웹 직접/공통 컴포넌트 의존 없음,외국어 신규 경로 비도달; 직접/열린/지연 경로 추가 차단 후 이동,이 파일 작성 뒤 1·2·3차 상세 변경원장 대조
workHoursUnitMinuteLabel,한국어 전용 리소스 분리; 네 번역 삭제,현재 제품 진입 없음,,공유 웹 직접/공통 컴포넌트 의존 없음,외국어 신규 경로 비도달; 직접/열린/지연 경로 추가 차단 후 이동,이 파일 작성 뒤 1·2·3차 상세 변경원장 대조
friendShareMyScheduleTitle,한국어 전용 리소스 분리; 네 번역 삭제,한국어 전용 기능 진입/도움말/테마 범위,lib/screens/friend_list_screen.dart:182; lib/screens/my_share_code_screen.dart:285,공유 웹 직접/공통 컴포넌트 의존 없음,외국어 신규 경로 비도달; 직접/열린/지연 경로 추가 차단 후 이동,이 파일 작성 뒤 1·2·3차 상세 변경원장 대조
friendAdd,한국어 전용 리소스 분리; 네 번역 삭제,한국어 전용 기능 진입/도움말/테마 범위,lib/screens/friend_list_screen.dart:66; lib/screens/friend_list_screen.dart:199,공유 웹 직접/공통 컴포넌트 의존 없음,외국어 신규 경로 비도달; 직접/열린/지연 경로 추가 차단 후 이동,이 파일 작성 뒤 1·2·3차 상세 변경원장 대조
friendNameOptionalHint,한국어 전용 리소스 분리; 네 번역 삭제,한국어 전용 기능 진입/도움말/테마 범위,lib/screens/friend_list_screen.dart:73,공유 웹 직접/공통 컴포넌트 의존 없음,외국어 신규 경로 비도달; 직접/열린/지연 경로 추가 차단 후 이동,이 파일 작성 뒤 1·2·3차 상세 변경원장 대조
friendShareCodeFromFriend,한국어 전용 리소스 분리; 네 번역 삭제,한국어 전용 기능 진입/도움말/테마 범위,lib/screens/friend_list_screen.dart:87,공유 웹 직접/공통 컴포넌트 의존 없음,외국어 신규 경로 비도달; 직접/열린/지연 경로 추가 차단 후 이동,이 파일 작성 뒤 1·2·3차 상세 변경원장 대조
friendEnterShareCode,한국어 전용 리소스 분리; 네 번역 삭제,한국어 전용 기능 진입/도움말/테마 범위,lib/screens/friend_list_screen.dart:207,공유 웹 직접/공통 컴포넌트 의존 없음,외국어 신규 경로 비도달; 직접/열린/지연 경로 추가 차단 후 이동,이 파일 작성 뒤 1·2·3차 상세 변경원장 대조
friendCanCheckAnytime,한국어 전용 리소스 분리; 네 번역 삭제,현재 제품 진입 없음,,공유 웹 직접/공통 컴포넌트 의존 없음,외국어 신규 경로 비도달; 직접/열린/지연 경로 추가 차단 후 이동,이 파일 작성 뒤 1·2·3차 상세 변경원장 대조
friendAddedToast,한국어 전용 리소스 분리; 네 번역 삭제,한국어 전용 기능 진입/도움말/테마 범위,lib/screens/friend_list_screen.dart:119,공유 웹 직접/공통 컴포넌트 의존 없음,외국어 신규 경로 비도달; 직접/열린/지연 경로 추가 차단 후 이동,이 파일 작성 뒤 1·2·3차 상세 변경원장 대조
friendInvalidCodeOrDuplicate,한국어 전용 리소스 분리; 네 번역 삭제,한국어 전용 기능 진입/도움말/테마 범위,lib/screens/friend_list_screen.dart:120,공유 웹 직접/공통 컴포넌트 의존 없음,외국어 신규 경로 비도달; 직접/열린/지연 경로 추가 차단 후 이동,이 파일 작성 뒤 1·2·3차 상세 변경원장 대조
friendLoadFailedCheckNetwork,한국어 전용 리소스 분리; 네 번역 삭제,한국어 전용 기능 진입/도움말/테마 범위,lib/screens/friend_list_screen.dart:255; lib/utils/friend_open_util.dart:46,공유 웹 직접/공통 컴포넌트 의존 없음,외국어 신규 경로 비도달; 직접/열린/지연 경로 추가 차단 후 이동,이 파일 작성 뒤 1·2·3차 상세 변경원장 대조
friendShowingCachedSchedule,한국어 전용 리소스 분리; 네 번역 삭제,한국어 전용 기능 진입/도움말/테마 범위,lib/screens/friend_list_screen.dart:257; lib/utils/friend_open_util.dart:52,공유 웹 직접/공통 컴포넌트 의존 없음,외국어 신규 경로 비도달; 직접/열린/지연 경로 추가 차단 후 이동,이 파일 작성 뒤 1·2·3차 상세 변경원장 대조
friendNoneAddedYet,한국어 전용 리소스 분리; 네 번역 삭제,한국어 전용 기능 진입/도움말/테마 범위,lib/screens/friend_list_screen.dart:222,공유 웹 직접/공통 컴포넌트 의존 없음,외국어 신규 경로 비도달; 직접/열린/지연 경로 추가 차단 후 이동,이 파일 작성 뒤 1·2·3차 상세 변경원장 대조
friendRemove,한국어 전용 리소스 분리; 네 번역 삭제,한국어 전용 기능 진입/도움말/테마 범위,lib/screens/friend_list_screen.dart:278,공유 웹 직접/공통 컴포넌트 의존 없음,외국어 신규 경로 비도달; 직접/열린/지연 경로 추가 차단 후 이동,이 파일 작성 뒤 1·2·3차 상세 변경원장 대조
friendRemoveConfirm,한국어 전용 리소스 분리; 네 번역 삭제,한국어 전용 기능 진입/도움말/테마 범위,lib/screens/friend_list_screen.dart:280,공유 웹 직접/공통 컴포넌트 의존 없음,외국어 신규 경로 비도달; 직접/열린/지연 경로 추가 차단 후 이동,이 파일 작성 뒤 1·2·3차 상세 변경원장 대조
friendDisplayNameTitle,한국어 전용 리소스 분리; 네 번역 삭제,한국어 전용 기능 진입/도움말/테마 범위,lib/screens/my_share_code_screen.dart:303,공유 웹 직접/공통 컴포넌트 의존 없음,외국어 신규 경로 비도달; 직접/열린/지연 경로 추가 차단 후 이동,이 파일 작성 뒤 1·2·3차 상세 변경원장 대조
friendEnterDisplayName,한국어 전용 리소스 분리; 네 번역 삭제,한국어 전용 기능 진입/도움말/테마 범위,lib/screens/my_share_code_screen.dart:314,공유 웹 직접/공통 컴포넌트 의존 없음,외국어 신규 경로 비도달; 직접/열린/지연 경로 추가 차단 후 이동,이 파일 작성 뒤 1·2·3차 상세 변경원장 대조
friendShareIncludesSchedule,한국어 전용 리소스 분리; 네 번역 삭제,한국어 전용 기능 진입/도움말/테마 범위,lib/screens/my_share_code_screen.dart:299,공유 웹 직접/공통 컴포넌트 의존 없음,외국어 신규 경로 비도달; 직접/열린/지연 경로 추가 차단 후 이동,이 파일 작성 뒤 1·2·3차 상세 변경원장 대조
friendShareExcludesExtras,한국어 전용 리소스 분리; 네 번역 삭제,한국어 전용 기능 진입/도움말/테마 범위,lib/screens/my_share_code_screen.dart:299,공유 웹 직접/공통 컴포넌트 의존 없음,외국어 신규 경로 비도달; 직접/열린/지연 경로 추가 차단 후 이동,이 파일 작성 뒤 1·2·3차 상세 변경원장 대조
friendStartSharing,한국어 전용 리소스 분리; 네 번역 삭제,한국어 전용 기능 진입/도움말/테마 범위,lib/screens/my_share_code_screen.dart:333,공유 웹 직접/공통 컴포넌트 의존 없음,외국어 신규 경로 비도달; 직접/열린/지연 경로 추가 차단 후 이동,이 파일 작성 뒤 1·2·3차 상세 변경원장 대조
friendStopSharing,한국어 전용 리소스 분리; 네 번역 삭제,한국어 전용 기능 진입/도움말/테마 범위,lib/screens/my_share_code_screen.dart:164; lib/screens/my_share_code_screen.dart:404,공유 웹 직접/공통 컴포넌트 의존 없음,외국어 신규 경로 비도달; 직접/열린/지연 경로 추가 차단 후 이동,이 파일 작성 뒤 1·2·3차 상세 변경원장 대조
friendStopSharingConfirm,한국어 전용 리소스 분리; 네 번역 삭제,한국어 전용 기능 진입/도움말/테마 범위,lib/screens/my_share_code_screen.dart:166,공유 웹 직접/공통 컴포넌트 의존 없음,외국어 신규 경로 비도달; 직접/열린/지연 경로 추가 차단 후 이동,이 파일 작성 뒤 1·2·3차 상세 변경원장 대조
friendRestartSharingHint,한국어 전용 리소스 분리; 네 번역 삭제,한국어 전용 기능 진입/도움말/테마 범위,lib/screens/my_share_code_screen.dart:166,공유 웹 직접/공통 컴포넌트 의존 없음,외국어 신규 경로 비도달; 직접/열린/지연 경로 추가 차단 후 이동,이 파일 작성 뒤 1·2·3차 상세 변경원장 대조
friendMyShareCode,한국어 전용 리소스 분리; 네 번역 삭제,한국어 전용 기능 진입/도움말/테마 범위,lib/screens/my_share_code_screen.dart:359,공유 웹 직접/공통 컴포넌트 의존 없음,외국어 신규 경로 비도달; 직접/열린/지연 경로 추가 차단 후 이동,이 파일 작성 뒤 1·2·3차 상세 변경원장 대조
friendShareCodeInstructions,한국어 전용 리소스 분리; 네 번역 삭제,한국어 전용 기능 진입/도움말/테마 범위,lib/screens/my_share_code_screen.dart:364,공유 웹 직접/공통 컴포넌트 의존 없음,외국어 신규 경로 비도달; 직접/열린/지연 경로 추가 차단 후 이동,이 파일 작성 뒤 1·2·3차 상세 변경원장 대조
friendShareWithoutApp,한국어 전용 리소스 분리; 네 번역 삭제,한국어 전용 기능 진입/도움말/테마 범위,lib/screens/my_share_code_screen.dart:368,공유 웹 직접/공통 컴포넌트 의존 없음,외국어 신규 경로 비도달; 직접/열린/지연 경로 추가 차단 후 이동,이 파일 작성 뒤 1·2·3차 상세 변경원장 대조
friendShareLinkHint,한국어 전용 리소스 분리; 네 번역 삭제,한국어 전용 기능 진입/도움말/테마 범위,lib/screens/my_share_code_screen.dart:376,공유 웹 직접/공통 컴포넌트 의존 없음,외국어 신규 경로 비도달; 직접/열린/지연 경로 추가 차단 후 이동,이 파일 작성 뒤 1·2·3차 상세 변경원장 대조
friendInstallShortcutHint,한국어 전용 리소스 분리; 네 번역 삭제,한국어 전용 기능 진입/도움말/테마 범위,,공유 웹 직접/공통 컴포넌트 의존 없음,외국어 신규 경로 비도달; 직접/열린/지연 경로 추가 차단 후 이동,이 파일 작성 뒤 1·2·3차 상세 변경원장 대조
friendDisplayNameUpdated,한국어 전용 리소스 분리; 네 번역 삭제,한국어 전용 기능 진입/도움말/테마 범위,lib/screens/my_share_code_screen.dart:98,공유 웹 직접/공통 컴포넌트 의존 없음,외국어 신규 경로 비도달; 직접/열린/지연 경로 추가 차단 후 이동,이 파일 작성 뒤 1·2·3차 상세 변경원장 대조
friendDisplayNameUpdateFailed,한국어 전용 리소스 분리; 네 번역 삭제,한국어 전용 기능 진입/도움말/테마 범위,lib/screens/my_share_code_screen.dart:108,공유 웹 직접/공통 컴포넌트 의존 없음,외국어 신규 경로 비도달; 직접/열린/지연 경로 추가 차단 후 이동,이 파일 작성 뒤 1·2·3차 상세 변경원장 대조
friendEnterDisplayNameError,한국어 전용 리소스 분리; 네 번역 삭제,한국어 전용 기능 진입/도움말/테마 범위,lib/screens/my_share_code_screen.dart:117,공유 웹 직접/공통 컴포넌트 의존 없음,외국어 신규 경로 비도달; 직접/열린/지연 경로 추가 차단 후 이동,이 파일 작성 뒤 1·2·3차 상세 변경원장 대조
friendConnectionFailed,한국어 전용 리소스 분리; 네 번역 삭제,한국어 전용 기능 진입/도움말/테마 범위,lib/screens/my_share_code_screen.dart:351,공유 웹 직접/공통 컴포넌트 의존 없음,외국어 신규 경로 비도달; 직접/열린/지연 경로 추가 차단 후 이동,이 파일 작성 뒤 1·2·3차 상세 변경원장 대조
friendInstallForHomeScreen,한국어 전용 리소스 분리; 네 번역 삭제,현재 제품 진입 없음,,공유 웹 직접/공통 컴포넌트 의존 없음,외국어 신규 경로 비도달; 직접/열린/지연 경로 추가 차단 후 이동,이 파일 작성 뒤 1·2·3차 상세 변경원장 대조
friendServerNotReady,한국어 전용 리소스 분리; 네 번역 삭제,한국어 전용 기능 진입/도움말/테마 범위,lib/screens/my_share_code_screen.dart:123,공유 웹 직접/공통 컴포넌트 의존 없음,외국어 신규 경로 비도달; 직접/열린/지연 경로 추가 차단 후 이동,이 파일 작성 뒤 1·2·3차 상세 변경원장 대조
friendScheduleNotSet,한국어 전용 리소스 분리; 네 번역 삭제,한국어 전용 기능 진입/도움말/테마 범위,lib/screens/my_share_code_screen.dart:131,공유 웹 직접/공통 컴포넌트 의존 없음,외국어 신규 경로 비도달; 직접/열린/지연 경로 추가 차단 후 이동,이 파일 작성 뒤 1·2·3차 상세 변경원장 대조
friendStartSharingFailed,한국어 전용 리소스 분리; 네 번역 삭제,한국어 전용 기능 진입/도움말/테마 범위,lib/screens/my_share_code_screen.dart:142,공유 웹 직접/공통 컴포넌트 의존 없음,외국어 신규 경로 비도달; 직접/열린/지연 경로 추가 차단 후 이동,이 파일 작성 뒤 1·2·3차 상세 변경원장 대조
friendSyncPendingBanner,한국어 전용 리소스 분리; 네 번역 삭제,한국어 전용 기능 진입/도움말/테마 범위,lib/screens/my_share_code_screen.dart:218,공유 웹 직접/공통 컴포넌트 의존 없음,외국어 신규 경로 비도달; 직접/열린/지연 경로 추가 차단 후 이동,이 파일 작성 뒤 1·2·3차 상세 변경원장 대조
friendStopPendingBanner,한국어 전용 리소스 분리; 네 번역 삭제,한국어 전용 기능 진입/도움말/테마 범위,lib/screens/my_share_code_screen.dart:216,공유 웹 직접/공통 컴포넌트 의존 없음,외국어 신규 경로 비도달; 직접/열린/지연 경로 추가 차단 후 이동,이 파일 작성 뒤 1·2·3차 상세 변경원장 대조
friendRetrySync,한국어 전용 리소스 분리; 네 번역 삭제,한국어 전용 기능 진입/도움말/테마 범위,lib/screens/my_share_code_screen.dart:247,공유 웹 직접/공통 컴포넌트 의존 없음,외국어 신규 경로 비도달; 직접/열린/지연 경로 추가 차단 후 이동,이 파일 작성 뒤 1·2·3차 상세 변경원장 대조
friendSyncPendingToast,한국어 전용 리소스 분리; 네 번역 삭제,한국어 전용 기능 진입/도움말/테마 범위,lib/screens/my_share_code_screen.dart:104; lib/screens/my_share_code_screen.dart:202,공유 웹 직접/공통 컴포넌트 의존 없음,외국어 신규 경로 비도달; 직접/열린/지연 경로 추가 차단 후 이동,이 파일 작성 뒤 1·2·3차 상세 변경원장 대조
friendStopSharingAction,한국어 전용 리소스 분리; 네 번역 삭제,한국어 전용 기능 진입/도움말/테마 범위,lib/screens/my_share_code_screen.dart:170,공유 웹 직접/공통 컴포넌트 의존 없음,외국어 신규 경로 비도달; 직접/열린/지연 경로 추가 차단 후 이동,이 파일 작성 뒤 1·2·3차 상세 변경원장 대조
friendCodeCopied,한국어 전용 리소스 분리; 네 번역 삭제,한국어 전용 기능 진입/도움말/테마 범위,lib/screens/my_share_code_screen.dart:361,공유 웹 직접/공통 컴포넌트 의존 없음,외국어 신규 경로 비도달; 직접/열린/지연 경로 추가 차단 후 이동,이 파일 작성 뒤 1·2·3차 상세 변경원장 대조
friendLinkCopied,한국어 전용 리소스 분리; 네 번역 삭제,한국어 전용 기능 진입/도움말/테마 범위,lib/screens/my_share_code_screen.dart:370,공유 웹 직접/공통 컴포넌트 의존 없음,외국어 신규 경로 비도달; 직접/열린/지연 경로 추가 차단 후 이동,이 파일 작성 뒤 1·2·3차 상세 변경원장 대조
friendShareMessage,한국어 전용 리소스 분리; 네 번역 삭제,한국어 전용 기능 진입/도움말/테마 범위,lib/screens/my_share_code_screen.dart:277,공유 웹 직접/공통 컴포넌트 의존 없음,외국어 신규 경로 비도달; 직접/열린/지연 경로 추가 차단 후 이동,이 파일 작성 뒤 1·2·3차 상세 변경원장 대조
friendNameHintExample,한국어 전용 리소스 분리; 네 번역 삭제,한국어 전용 기능 진입/도움말/테마 범위,lib/screens/friend_list_screen.dart:79,공유 웹 직접/공통 컴포넌트 의존 없음,외국어 신규 경로 비도달; 직접/열린/지연 경로 추가 차단 후 이동,이 파일 작성 뒤 1·2·3차 상세 변경원장 대조
friendShareChannelsExplainer,한국어 전용 리소스 분리; 네 번역 삭제,한국어 전용 기능 진입/도움말/테마 범위,lib/screens/friend_list_screen.dart:190,공유 웹 직접/공통 컴포넌트 의존 없음,외국어 신규 경로 비도달; 직접/열린/지연 경로 추가 차단 후 이동,이 파일 작성 뒤 1·2·3차 상세 변경원장 대조
statusDataLoadFailed,한국어 전용 리소스 분리; 네 번역 삭제,현재 제품 진입 없음,,공유 웹 직접/공통 컴포넌트 의존 없음,외국어 신규 경로 비도달; 직접/열린/지연 경로 추가 차단 후 이동,이 파일 작성 뒤 1·2·3차 상세 변경원장 대조
statusShiftChangeFailed,한국어 전용 리소스 분리; 네 번역 삭제,현재 제품 진입 없음,,공유 웹 직접/공통 컴포넌트 의존 없음,외국어 신규 경로 비도달; 직접/열린/지연 경로 추가 차단 후 이동,이 파일 작성 뒤 1·2·3차 상세 변경원장 대조
scheduleTabSyncFailed,한국어 전용 리소스 분리; 네 번역 삭제,한국어 전용 기능 진입/도움말/테마 범위,lib/widgets/disable_tab_button.dart:26,공유 웹 직접/공통 컴포넌트 의존 없음,외국어 신규 경로 비도달; 직접/열린/지연 경로 추가 차단 후 이동,이 파일 작성 뒤 1·2·3차 상세 변경원장 대조
allTeamsSetupOtherTeamsLabel,한국어 전용 리소스 분리; 네 번역 삭제,현재 제품 진입 없음,,공유 웹 직접/공통 컴포넌트 의존 없음,외국어 신규 경로 비도달; 직접/열린/지연 경로 추가 차단 후 이동,이 파일 작성 뒤 1·2·3차 상세 변경원장 대조
allTeamsSetupOtherTeamsHint,한국어 전용 리소스 분리; 네 번역 삭제,현재 제품 진입 없음,,공유 웹 직접/공통 컴포넌트 의존 없음,외국어 신규 경로 비도달; 직접/열린/지연 경로 추가 차단 후 이동,이 파일 작성 뒤 1·2·3차 상세 변경원장 대조
allTeamsSetupPickMyTeamFirstHint,한국어 전용 리소스 분리; 네 번역 삭제,현재 제품 진입 없음,,공유 웹 직접/공통 컴포넌트 의존 없음,외국어 신규 경로 비도달; 직접/열린/지연 경로 추가 차단 후 이동,이 파일 작성 뒤 1·2·3차 상세 변경원장 대조
allTeamsSetupMinOtherTeamHint,한국어 전용 리소스 분리; 네 번역 삭제,현재 제품 진입 없음,,공유 웹 직접/공통 컴포넌트 의존 없음,외국어 신규 경로 비도달; 직접/열린/지연 경로 추가 차단 후 이동,이 파일 작성 뒤 1·2·3차 상세 변경원장 대조
themeInitialBadge,한국어 전용 리소스 분리; 네 번역 삭제,한국어 전용 기능 진입/도움말/테마 범위,lib/models/calendar_theme.dart:61,공유 웹 직접/공통 컴포넌트 의존 없음,외국어 신규 경로 비도달; 직접/열린/지연 경로 추가 차단 후 이동,이 파일 작성 뒤 1·2·3차 상세 변경원장 대조
themeUnderline,한국어 전용 리소스 분리; 네 번역 삭제,한국어 전용 기능 진입/도움말/테마 범위,lib/models/calendar_theme.dart:63,공유 웹 직접/공통 컴포넌트 의존 없음,외국어 신규 경로 비도달; 직접/열린/지연 경로 추가 차단 후 이동,이 파일 작성 뒤 1·2·3차 상세 변경원장 대조
themeEventChip,한국어 전용 리소스 분리; 네 번역 삭제,한국어 전용 기능 진입/도움말/테마 범위,lib/models/calendar_theme.dart:65,공유 웹 직접/공통 컴포넌트 의존 없음,외국어 신규 경로 비도달; 직접/열린/지연 경로 추가 차단 후 이동,이 파일 작성 뒤 1·2·3차 상세 변경원장 대조
themeEditorial,한국어 전용 리소스 분리; 네 번역 삭제,한국어 전용 기능 진입/도움말/테마 범위,lib/models/calendar_theme.dart:67,공유 웹 직접/공통 컴포넌트 의존 없음,외국어 신규 경로 비도달; 직접/열린/지연 경로 추가 차단 후 이동,이 파일 작성 뒤 1·2·3차 상세 변경원장 대조
scheduleDeleteConfirmTitle,한국어 전용 리소스 분리; 네 번역 삭제,현재 제품 진입 없음,,공유 웹 직접/공통 컴포넌트 의존 없음,외국어 신규 경로 비도달; 직접/열린/지연 경로 추가 차단 후 이동,이 파일 작성 뒤 1·2·3차 상세 변경원장 대조
helpScheduleTabSectionTitle,한국어 전용 리소스 분리; 네 번역 삭제,한국어 전용 기능 진입/도움말/테마 범위,lib/screens/help_screen.dart:149,공유 웹 직접/공통 컴포넌트 의존 없음,외국어 신규 경로 비도달; 직접/열린/지연 경로 추가 차단 후 이동,이 파일 작성 뒤 1·2·3차 상세 변경원장 대조
helpScheduleTabWhatIsItTitle,한국어 전용 리소스 분리; 네 번역 삭제,한국어 전용 기능 진입/도움말/테마 범위,lib/screens/help_screen.dart:153,공유 웹 직접/공통 컴포넌트 의존 없음,외국어 신규 경로 비도달; 직접/열린/지연 경로 추가 차단 후 이동,이 파일 작성 뒤 1·2·3차 상세 변경원장 대조
helpScheduleTabWhatIsItBody,한국어 전용 리소스 분리; 네 번역 삭제,한국어 전용 기능 진입/도움말/테마 범위,lib/screens/help_screen.dart:154,공유 웹 직접/공통 컴포넌트 의존 없음,외국어 신규 경로 비도달; 직접/열린/지연 경로 추가 차단 후 이동,이 파일 작성 뒤 1·2·3차 상세 변경원장 대조
helpScheduleTabCreateEditTitle,한국어 전용 리소스 분리; 네 번역 삭제,한국어 전용 기능 진입/도움말/테마 범위,lib/screens/help_screen.dart:157,공유 웹 직접/공통 컴포넌트 의존 없음,외국어 신규 경로 비도달; 직접/열린/지연 경로 추가 차단 후 이동,이 파일 작성 뒤 1·2·3차 상세 변경원장 대조
helpScheduleTabCreateEditBody,한국어 전용 리소스 분리; 네 번역 삭제,한국어 전용 기능 진입/도움말/테마 범위,lib/screens/help_screen.dart:158,공유 웹 직접/공통 컴포넌트 의존 없음,외국어 신규 경로 비도달; 직접/열린/지연 경로 추가 차단 후 이동,이 파일 작성 뒤 1·2·3차 상세 변경원장 대조
helpScheduleTabAutoCategoryTitle,한국어 전용 리소스 분리; 네 번역 삭제,한국어 전용 기능 진입/도움말/테마 범위,lib/screens/help_screen.dart:161,공유 웹 직접/공통 컴포넌트 의존 없음,외국어 신규 경로 비도달; 직접/열린/지연 경로 추가 차단 후 이동,이 파일 작성 뒤 1·2·3차 상세 변경원장 대조
helpScheduleTabAutoCategoryBody,한국어 전용 리소스 분리; 네 번역 삭제,한국어 전용 기능 진입/도움말/테마 범위,lib/screens/help_screen.dart:162,공유 웹 직접/공통 컴포넌트 의존 없음,외국어 신규 경로 비도달; 직접/열린/지연 경로 추가 차단 후 이동,이 파일 작성 뒤 1·2·3차 상세 변경원장 대조
helpConditionSectionTitle,한국어 전용 리소스 분리; 네 번역 삭제,한국어 전용 기능 진입/도움말/테마 범위,lib/screens/help_screen.dart:170,공유 웹 직접/공통 컴포넌트 의존 없음,외국어 신규 경로 비도달; 직접/열린/지연 경로 추가 차단 후 이동,이 파일 작성 뒤 1·2·3차 상세 변경원장 대조
helpConditionWhatIsItTitle,한국어 전용 리소스 분리; 네 번역 삭제,한국어 전용 기능 진입/도움말/테마 범위,lib/screens/help_screen.dart:174,공유 웹 직접/공통 컴포넌트 의존 없음,외국어 신규 경로 비도달; 직접/열린/지연 경로 추가 차단 후 이동,이 파일 작성 뒤 1·2·3차 상세 변경원장 대조
helpConditionWhatIsItBody,한국어 전용 리소스 분리; 네 번역 삭제,한국어 전용 기능 진입/도움말/테마 범위,lib/screens/help_screen.dart:175,공유 웹 직접/공통 컴포넌트 의존 없음,외국어 신규 경로 비도달; 직접/열린/지연 경로 추가 차단 후 이동,이 파일 작성 뒤 1·2·3차 상세 변경원장 대조
helpConditionEvidenceListTitle,한국어 전용 리소스 분리; 네 번역 삭제,한국어 전용 기능 진입/도움말/테마 범위,lib/screens/help_screen.dart:180,공유 웹 직접/공통 컴포넌트 의존 없음,외국어 신규 경로 비도달; 직접/열린/지연 경로 추가 차단 후 이동,이 파일 작성 뒤 1·2·3차 상세 변경원장 대조
helpConditionEvidenceListBody,한국어 전용 리소스 분리; 네 번역 삭제,한국어 전용 기능 진입/도움말/테마 범위,lib/screens/help_screen.dart:181,공유 웹 직접/공통 컴포넌트 의존 없음,외국어 신규 경로 비도달; 직접/열린/지연 경로 추가 차단 후 이동,이 파일 작성 뒤 1·2·3차 상세 변경원장 대조
helpConditionSetupNeededTitle,한국어 전용 리소스 분리; 네 번역 삭제,한국어 전용 기능 진입/도움말/테마 범위,lib/screens/help_screen.dart:184,공유 웹 직접/공통 컴포넌트 의존 없음,외국어 신규 경로 비도달; 직접/열린/지연 경로 추가 차단 후 이동,이 파일 작성 뒤 1·2·3차 상세 변경원장 대조
helpConditionSetupNeededBody,한국어 전용 리소스 분리; 네 번역 삭제,한국어 전용 기능 진입/도움말/테마 범위,lib/screens/help_screen.dart:185,공유 웹 직접/공통 컴포넌트 의존 없음,외국어 신규 경로 비도달; 직접/열린/지연 경로 추가 차단 후 이동,이 파일 작성 뒤 1·2·3차 상세 변경원장 대조
helpSleepSectionTitle,한국어 전용 리소스 분리; 네 번역 삭제,한국어 전용 기능 진입/도움말/테마 범위,lib/screens/help_screen.dart:191,공유 웹 직접/공통 컴포넌트 의존 없음,외국어 신규 경로 비도달; 직접/열린/지연 경로 추가 차단 후 이동,이 파일 작성 뒤 1·2·3차 상세 변경원장 대조
helpSleepWidgetTitle,한국어 전용 리소스 분리; 네 번역 삭제,한국어 전용 기능 진입/도움말/테마 범위,lib/screens/help_screen.dart:195,공유 웹 직접/공통 컴포넌트 의존 없음,외국어 신규 경로 비도달; 직접/열린/지연 경로 추가 차단 후 이동,이 파일 작성 뒤 1·2·3차 상세 변경원장 대조
helpSleepWidgetBody,한국어 전용 리소스 분리; 네 번역 삭제,한국어 전용 기능 진입/도움말/테마 범위,lib/screens/help_screen.dart:196,공유 웹 직접/공통 컴포넌트 의존 없음,외국어 신규 경로 비도달; 직접/열린/지연 경로 추가 차단 후 이동,이 파일 작성 뒤 1·2·3차 상세 변경원장 대조
helpSleepAutoDetectTitle,한국어 전용 리소스 분리; 네 번역 삭제,한국어 전용 기능 진입/도움말/테마 범위,lib/screens/help_screen.dart:199,공유 웹 직접/공통 컴포넌트 의존 없음,외국어 신규 경로 비도달; 직접/열린/지연 경로 추가 차단 후 이동,이 파일 작성 뒤 1·2·3차 상세 변경원장 대조
helpSleepAutoDetectBody,한국어 전용 리소스 분리; 네 번역 삭제,한국어 전용 기능 진입/도움말/테마 범위,lib/screens/help_screen.dart:200,공유 웹 직접/공통 컴포넌트 의존 없음,외국어 신규 경로 비도달; 직접/열린/지연 경로 추가 차단 후 이동,이 파일 작성 뒤 1·2·3차 상세 변경원장 대조
helpSleepMiniCalendarTitle,한국어 전용 리소스 분리; 네 번역 삭제,한국어 전용 기능 진입/도움말/테마 범위,lib/screens/help_screen.dart:203,공유 웹 직접/공통 컴포넌트 의존 없음,외국어 신규 경로 비도달; 직접/열린/지연 경로 추가 차단 후 이동,이 파일 작성 뒤 1·2·3차 상세 변경원장 대조
helpSleepMiniCalendarBody,한국어 전용 리소스 분리; 네 번역 삭제,한국어 전용 기능 진입/도움말/테마 범위,lib/screens/help_screen.dart:204,공유 웹 직접/공통 컴포넌트 의존 없음,외국어 신규 경로 비도달; 직접/열린/지연 경로 추가 차단 후 이동,이 파일 작성 뒤 1·2·3차 상세 변경원장 대조
helpFriendSectionTitle,한국어 전용 리소스 분리; 네 번역 삭제,한국어 전용 기능 진입/도움말/테마 범위,lib/screens/help_screen.dart:210,공유 웹 직접/공통 컴포넌트 의존 없음,외국어 신규 경로 비도달; 직접/열린/지연 경로 추가 차단 후 이동,이 파일 작성 뒤 1·2·3차 상세 변경원장 대조
helpFriendWhatIsItTitle,한국어 전용 리소스 분리; 네 번역 삭제,한국어 전용 기능 진입/도움말/테마 범위,lib/screens/help_screen.dart:214,공유 웹 직접/공통 컴포넌트 의존 없음,외국어 신규 경로 비도달; 직접/열린/지연 경로 추가 차단 후 이동,이 파일 작성 뒤 1·2·3차 상세 변경원장 대조
helpFriendWhatIsItBody,한국어 전용 리소스 분리; 네 번역 삭제,한국어 전용 기능 진입/도움말/테마 범위,lib/screens/help_screen.dart:215,공유 웹 직접/공통 컴포넌트 의존 없음,외국어 신규 경로 비도달; 직접/열린/지연 경로 추가 차단 후 이동,이 파일 작성 뒤 1·2·3차 상세 변경원장 대조
helpFriendShareCodeTitle,한국어 전용 리소스 분리; 네 번역 삭제,한국어 전용 기능 진입/도움말/테마 범위,lib/screens/help_screen.dart:218,공유 웹 직접/공통 컴포넌트 의존 없음,외국어 신규 경로 비도달; 직접/열린/지연 경로 추가 차단 후 이동,이 파일 작성 뒤 1·2·3차 상세 변경원장 대조
helpFriendShareCodeBody,한국어 전용 리소스 분리; 네 번역 삭제,한국어 전용 기능 진입/도움말/테마 범위,lib/screens/help_screen.dart:219,공유 웹 직접/공통 컴포넌트 의존 없음,외국어 신규 경로 비도달; 직접/열린/지연 경로 추가 차단 후 이동,이 파일 작성 뒤 1·2·3차 상세 변경원장 대조
helpFriendViewFriendTitle,한국어 전용 리소스 분리; 네 번역 삭제,한국어 전용 기능 진입/도움말/테마 범위,lib/screens/help_screen.dart:222,공유 웹 직접/공통 컴포넌트 의존 없음,외국어 신규 경로 비도달; 직접/열린/지연 경로 추가 차단 후 이동,이 파일 작성 뒤 1·2·3차 상세 변경원장 대조
helpFriendViewFriendBody,한국어 전용 리소스 분리; 네 번역 삭제,한국어 전용 기능 진입/도움말/테마 범위,lib/screens/help_screen.dart:223,공유 웹 직접/공통 컴포넌트 의존 없음,외국어 신규 경로 비도달; 직접/열린/지연 경로 추가 차단 후 이동,이 파일 작성 뒤 1·2·3차 상세 변경원장 대조
helpFriendReinstallNoteTitle,한국어 전용 리소스 분리; 네 번역 삭제,한국어 전용 기능 진입/도움말/테마 범위,lib/screens/help_screen.dart:226,공유 웹 직접/공통 컴포넌트 의존 없음,외국어 신규 경로 비도달; 직접/열린/지연 경로 추가 차단 후 이동,이 파일 작성 뒤 1·2·3차 상세 변경원장 대조
helpFriendReinstallNoteBody,한국어 전용 리소스 분리; 네 번역 삭제,한국어 전용 기능 진입/도움말/테마 범위,lib/screens/help_screen.dart:227,공유 웹 직접/공통 컴포넌트 의존 없음,외국어 신규 경로 비도달; 직접/열린/지연 경로 추가 차단 후 이동,이 파일 작성 뒤 1·2·3차 상세 변경원장 대조
helpTroubleshootFriendDisconnectedTitle,한국어 전용 리소스 분리; 네 번역 삭제,한국어 전용 기능 진입/도움말/테마 범위,lib/screens/help_screen.dart:290,공유 웹 직접/공통 컴포넌트 의존 없음,외국어 신규 경로 비도달; 직접/열린/지연 경로 추가 차단 후 이동,이 파일 작성 뒤 1·2·3차 상세 변경원장 대조
helpTroubleshootFriendDisconnectedBody,한국어 전용 리소스 분리; 네 번역 삭제,한국어 전용 기능 진입/도움말/테마 범위,lib/screens/help_screen.dart:291,공유 웹 직접/공통 컴포넌트 의존 없음,외국어 신규 경로 비도달; 직접/열린/지연 경로 추가 차단 후 이동,이 파일 작성 뒤 1·2·3차 상세 변경원장 대조
helpOneTapTitle,한국어 전용 리소스 분리; 네 번역 삭제,한국어 전용 기능 진입/도움말/테마 범위,lib/screens/help_screen.dart:101,공유 웹 직접/공통 컴포넌트 의존 없음,외국어 신규 경로 비도달; 직접/열린/지연 경로 추가 차단 후 이동,이 파일 작성 뒤 1·2·3차 상세 변경원장 대조
helpOneTapBody,한국어 전용 리소스 분리; 네 번역 삭제,한국어 전용 기능 진입/도움말/테마 범위,lib/screens/help_screen.dart:102,공유 웹 직접/공통 컴포넌트 의존 없음,외국어 신규 경로 비도달; 직접/열린/지연 경로 추가 차단 후 이동,이 파일 작성 뒤 1·2·3차 상세 변경원장 대조
scheduleOutsideTeamsConfirm,한국어 전용 리소스 분리; 네 번역 삭제,현재 제품 진입 없음,,공유 웹 직접/공통 컴포넌트 의존 없음,외국어 신규 경로 비도달; 직접/열린/지연 경로 추가 차단 후 이동,이 파일 작성 뒤 1·2·3차 상세 변경원장 대조
scheduleMyTeam,한국어 전용 리소스 분리; 네 번역 삭제,현재 제품 진입 없음,,공유 웹 직접/공통 컴포넌트 의존 없음,외국어 신규 경로 비도달; 직접/열린/지연 경로 추가 차단 후 이동,이 파일 작성 뒤 1·2·3차 상세 변경원장 대조
scheduleTeamsAtToday,한국어 전용 리소스 분리; 네 번역 삭제,현재 제품 진입 없음,,공유 웹 직접/공통 컴포넌트 의존 없음,외국어 신규 경로 비도달; 직접/열린/지연 경로 추가 차단 후 이동,이 파일 작성 뒤 1·2·3차 상세 변경원장 대조
teamRuleEdit,한국어 전용 리소스 분리; 네 번역 삭제,현재 제품 진입 없음,,공유 웹 직접/공통 컴포넌트 의존 없음,외국어 신규 경로 비도달; 직접/열린/지연 경로 추가 차단 후 이동,이 파일 작성 뒤 1·2·3차 상세 변경원장 대조
teamRuleChooseTeam,한국어 전용 리소스 분리; 네 번역 삭제,현재 제품 진입 없음,,공유 웹 직접/공통 컴포넌트 의존 없음,외국어 신규 경로 비도달; 직접/열린/지연 경로 추가 차단 후 이동,이 파일 작성 뒤 1·2·3차 상세 변경원장 대조
oneTapDeleteNoAlarmConfirm,한국어 전용 리소스 분리; 네 번역 삭제,한국어 전용 기능 진입/도움말/테마 범위,lib/screens/next_alarm_tab.dart:76,공유 웹 직접/공통 컴포넌트 의존 없음,외국어 신규 경로 비도달; 직접/열린/지연 경로 추가 차단 후 이동,이 파일 작성 뒤 1·2·3차 상세 변경원장 대조
oneTapDeleteRestoreConfirm,한국어 전용 리소스 분리; 네 번역 삭제,한국어 전용 기능 진입/도움말/테마 범위,lib/screens/next_alarm_tab.dart:77,공유 웹 직접/공통 컴포넌트 의존 없음,외국어 신규 경로 비도달; 직접/열린/지연 경로 추가 차단 후 이동,이 파일 작성 뒤 1·2·3차 상세 변경원장 대조
oneTapDeleteNoAlarmDetail,한국어 전용 리소스 분리; 네 번역 삭제,한국어 전용 기능 진입/도움말/테마 범위,lib/screens/calendar_tab.dart:6196,공유 웹 직접/공통 컴포넌트 의존 없음,외국어 신규 경로 비도달; 직접/열린/지연 경로 추가 차단 후 이동,이 파일 작성 뒤 1·2·3차 상세 변경원장 대조
oneTapDeleteRestoreDetail,한국어 전용 리소스 분리; 네 번역 삭제,한국어 전용 기능 진입/도움말/테마 범위,lib/screens/calendar_tab.dart:6196,공유 웹 직접/공통 컴포넌트 의존 없음,외국어 신규 경로 비도달; 직접/열린/지연 경로 추가 차단 후 이동,이 파일 작성 뒤 1·2·3차 상세 변경원장 대조
oneTapDeletedRefreshRetry,한국어 전용 리소스 분리; 네 번역 삭제,한국어 전용 기능 진입/도움말/테마 범위,lib/screens/calendar_tab.dart:6265; lib/screens/next_alarm_tab.dart:110,공유 웹 직접/공통 컴포넌트 의존 없음,외국어 신규 경로 비도달; 직접/열린/지연 경로 추가 차단 후 이동,이 파일 작성 뒤 1·2·3차 상세 변경원장 대조
oneTapDeletedFixedRestored,한국어 전용 리소스 분리; 네 번역 삭제,한국어 전용 기능 진입/도움말/테마 범위,lib/screens/calendar_tab.dart:6267; lib/screens/next_alarm_tab.dart:112,공유 웹 직접/공통 컴포넌트 의존 없음,외국어 신규 경로 비도달; 직접/열린/지연 경로 추가 차단 후 이동,이 파일 작성 뒤 1·2·3차 상세 변경원장 대조
