검토 ID,날짜,기준 커밋,언어·지역,리소스,키,카드,문제 ID,한국어 원문,이전 문구,채택 문구,결정,심각도,뜻·결정 근거,코드 사용 위치,이전 기록,기존 결정과 차이,연결 문구,자동검증,화면검증,반영 커밋
R1-20261005-arb-en-settingsScheduleTabReenableTitle,2026-10-05,080ca5913dbe9787c15fa7d60baca95b805075ed,en-US/en-GB,arb,settingsScheduleTabReenableTitle,C12,S01,일정관리 화면 사용하기,Show Schedule tab,Show Events tab,수정,중,같은 개인 일정 탭을 Events와 Schedule로 달리 지칭. Events로 연결 명칭 정렬.,lib/screens/settings_tab.dart:605,현지화_문구검토_2026-10-05.csv: revised,위 코드 의미 근거로 이전 문구를 교정. 기존 원장은 별도 사유 없이 before/after와 상태만 있으므로 없는 과거 근거를 추정하지 않음.,C01/C12,resource_audit.json 오류 0; 생성기/기존 테스트 결과는 검토결과.txt 참조,대기(검사하지 않음),미커밋 작업 트리
R1-20261005-arb-en-settingsScheduleTabReenableSubtitle,2026-10-05,080ca5913dbe9787c15fa7d60baca95b805075ed,en-US/en-GB,arb,settingsScheduleTabReenableSubtitle,C12,S01,하단 탭에 일정관리 화면을 다시 표시합니다,Add Schedule back to the bottom navigation,Add Events back to the bottom navigation,수정,중,같은 개인 일정 탭을 Events와 Schedule로 달리 지칭. Events로 연결 명칭 정렬.,lib/screens/settings_tab.dart:607,현지화_문구검토_2026-10-05.csv: revised,위 코드 의미 근거로 이전 문구를 교정. 기존 원장은 별도 사유 없이 before/after와 상태만 있으므로 없는 과거 근거를 추정하지 않음.,C01/C12,resource_audit.json 오류 0; 생성기/기존 테스트 결과는 검토결과.txt 참조,대기(검사하지 않음),미커밋 작업 트리
R1-20261005-arb-en-onboardingScheduleTabPopupTitle,2026-10-05,080ca5913dbe9787c15fa7d60baca95b805075ed,en-US/en-GB,arb,onboardingScheduleTabPopupTitle,C12,S01,"일정관리 탭, 이렇게 써보세요",Using the Schedule tab,Using the Events tab,수정,중,같은 개인 일정 탭을 Events와 Schedule로 달리 지칭. Events로 연결 명칭 정렬.,lib/widgets/onboarding_info_popups.dart:306,현지화_문구검토_2026-10-05.csv: revised,위 코드 의미 근거로 이전 문구를 교정. 기존 원장은 별도 사유 없이 before/after와 상태만 있으므로 없는 과거 근거를 추정하지 않음.,C01/C12,resource_audit.json 오류 0; 생성기/기존 테스트 결과는 검토결과.txt 참조,대기(검사하지 않음),미커밋 작업 트리
R1-20261005-arb-en-backupRestoreIncompleteToast,2026-10-05,080ca5913dbe9787c15fa7d60baca95b805075ed,en-US/en-GB,arb,backupRestoreIncompleteToast,C08,S05,복구를 끝까지 마치지 못했어요. 알람은 지금 데이터 기준으로 다시 맞춰 두었어요. 앱을 다시 열면 이어서 완료할 수 있어요.,The restore couldn't finish. Alarms have been set again based on your current data. Open the app again to complete it.,"The restore could not finish. Alarm rescheduling may also be incomplete. Try again, then check your upcoming alarms.",수정,상,실패 후 재조정도 실패 가능하며 native 중단 알림은 재예약 완료 전에 표시. 완료 단정 제거.,lib/screens/restore_interrupted_screen.dart:45; lib/screens/restore_progress_screen.dart:54,현지화_문구검토_2026-10-05.csv: retained,위 코드 의미 근거로 이전 문구를 교정. 기존 원장은 별도 사유 없이 before/after와 상태만 있으므로 없는 과거 근거를 추정하지 않음.,C08/C16,resource_audit.json 오류 0; 생성기/기존 테스트 결과는 검토결과.txt 참조,대기(검사하지 않음),미커밋 작업 트리
R1-20261005-arb-en-restoreInterruptedDesc,2026-10-05,080ca5913dbe9787c15fa7d60baca95b805075ed,en-US/en-GB,arb,restoreInterruptedDesc,C08,S04,"이전에 시작한 복원이 중간에 멈췄어요. 이어서 완료하면 그 백업 내용으로 데이터를 맞추고, 멈춘 뒤에 바뀐 내용은 덮어써져요. 지금 데이터로 계속 쓸 수도 있어요. 어느 쪽이든 알람은 선택한 데이터 기준으로 다시 맞춰져요.","An earlier restore did not finish. Continuing will replace your current data with that backup, including any changes made since the restore stopped.

You can continue restoring or keep your current data. Alarms will be scheduled using the data you choose.","An earlier restore did not finish. Continue to finish its remaining steps, or keep your current data. Continuing may overwrite changes made since the restore stopped. Alarm history and creation records are merged; ringing or snoozed alarms are kept.

Both choices reschedule alarms using the resulting data. Check your upcoming alarms after the process finishes.",수정,상,복원은 원본 교체·이력 병합·진행 중 알람 이월. 전부 교체 단정 및 재개시 무조건 덮어쓰기 단정 교정.,lib/screens/restore_interrupted_screen.dart:100,현지화_문구검토_2026-10-05.csv: revised,위 코드 의미 근거로 이전 문구를 교정. 기존 원장은 별도 사유 없이 before/after와 상태만 있으므로 없는 과거 근거를 추정하지 않음.,C08,resource_audit.json 오류 0; 생성기/기존 테스트 결과는 검토결과.txt 참조,대기(검사하지 않음),미커밋 작업 트리
R1-20261005-arb-en-settingsRestoreFromBackupDesc,2026-10-05,080ca5913dbe9787c15fa7d60baca95b805075ed,en-US/en-GB,arb,settingsRestoreFromBackupDesc,C08,S04,다른 백업 파일로 지금 데이터를 덮어써요,Overwrite current data with a backup file,Replace your schedule and other saved data from a backup,수정,상,복원은 원본 교체·이력 병합·진행 중 알람 이월. 전부 교체 단정 및 재개시 무조건 덮어쓰기 단정 교정.,lib/screens/settings_tab.dart:733,현지화_문구검토_2026-10-05.csv: retained,위 코드 의미 근거로 이전 문구를 교정. 기존 원장은 별도 사유 없이 before/after와 상태만 있으므로 없는 과거 근거를 추정하지 않음.,C08,resource_audit.json 오류 0; 생성기/기존 테스트 결과는 검토결과.txt 참조,대기(검사하지 않음),미커밋 작업 트리
R1-20261005-arb-en-settingsRestoreFromBackupWarningBody,2026-10-05,080ca5913dbe9787c15fa7d60baca95b805075ed,en-US/en-GB,arb,settingsRestoreFromBackupWarningBody,C08,S04,"지금 이 기기에 저장된 근무표·알람·메모·수면 기록 등 모든 데이터가 선택하는 백업 파일의 내용으로 완전히 덮어써집니다. 되돌릴 수 없으니 신중하게 진행해주세요.

다음 화면에서 파일 선택 창이 뜨면 아래 위치의 파일을 선택해주세요.

경로: Download → ShiftBell
파일명: ShiftBell_Backup_manual_(직접 백업) 또는 ShiftBell_Backup_auto_(자동 백업)로 시작하고 끝에 날짜와 시각이 붙은 파일(예: ShiftBell_Backup_auto_260917_060412.json)
보통 두 파일 중 날짜·시각이 더 최근인 것을 고르세요. 고른 뒤 다음 화면에서 그 백업의 저장 시각을 다시 확인할 수 있습니다.","Your current app data, including shifts, alarms, notes and overtime, will be replaced by the backup you choose. This cannot be undone.

Choose a file in Download → ShiftBell.

Backup names start with ShiftBell_Backup_manual_ or ShiftBell_Backup_auto_ and end with a date and time, for example ShiftBell_Backup_auto_260917_060412.json. Choose the most recent file, or the version you want to restore. You can review its saved time before continuing.","Your shift schedule, notes, overtime and other saved data and settings will be replaced by the backup you choose. This cannot be undone. Alarm history and creation records will be merged with the backup. Alarms that are ringing or snoozed will be kept.

Choose a file in Download → ShiftBell.

Backup names start with ShiftBell_Backup_manual_ or ShiftBell_Backup_auto_ and end with a date and time, for example ShiftBell_Backup_auto_260917_060412.json. Choose the most recent file, or the version you want to restore. You can review its saved time before continuing.",수정,상,복원은 원본 교체·이력 병합·진행 중 알람 이월. 전부 교체 단정 및 재개시 무조건 덮어쓰기 단정 교정.,lib/screens/settings_tab.dart:188,현지화_문구검토_2026-10-05.csv: retained,위 코드 의미 근거로 이전 문구를 교정. 기존 원장은 별도 사유 없이 before/after와 상태만 있으므로 없는 과거 근거를 추정하지 않음.,C08,resource_audit.json 오류 0; 생성기/기존 테스트 결과는 검토결과.txt 참조,대기(검사하지 않음),미커밋 작업 트리
R1-20261005-arb-en-settingsRestoreFromBackupConfirmBody,2026-10-05,080ca5913dbe9787c15fa7d60baca95b805075ed,en-US/en-GB,arb,settingsRestoreFromBackupConfirmBody,C08,S04,{date}에 저장된 백업이에요. 복구하면 지금 이 기기의 데이터는 모두 사라지고 이 백업 내용으로 바뀝니다.,This backup was saved on {date}. Restoring will replace the app’s current data with this backup’s contents.,"This backup was saved on {date}. It will replace your shift schedule, notes, overtime and other saved data and settings. Alarm history and creation records will be merged. Alarms that are ringing or snoozed will be kept.",수정,상,복원은 원본 교체·이력 병합·진행 중 알람 이월. 전부 교체 단정 및 재개시 무조건 덮어쓰기 단정 교정.,lib/screens/settings_tab.dart:239,현지화_문구검토_2026-10-05.csv: retained,위 코드 의미 근거로 이전 문구를 교정. 기존 원장은 별도 사유 없이 before/after와 상태만 있으므로 없는 과거 근거를 추정하지 않음.,C08,resource_audit.json 오류 0; 생성기/기존 테스트 결과는 검토결과.txt 참조,대기(검사하지 않음),미커밋 작업 트리
R1-20261005-arb-en-settingsAllAlarmsWillBeDeleted,2026-10-05,080ca5913dbe9787c15fa7d60baca95b805075ed,en-US/en-GB,arb,settingsAllAlarmsWillBeDeleted,C03,S12,등록된 모든 알람이 삭제됩니다.,All scheduled alarms will be deleted.,All alarms and per-shift alarm settings will be deleted. Alarm history and saved one-tap presets will be kept.,수정,중,전체 알람 삭제에는 근무별 템플릿도 포함. 이력과 저장 프리셋은 남음.,lib/screens/settings_tab.dart:779,현지화_문구검토_2026-10-05.csv: retained,위 코드 의미 근거로 이전 문구를 교정. 기존 원장은 별도 사유 없이 before/after와 상태만 있으므로 없는 과거 근거를 추정하지 않음.,C03,resource_audit.json 오류 0; 생성기/기존 테스트 결과는 검토결과.txt 참조,대기(검사하지 않음),미커밋 작업 트리
R1-20261005-arb-en-settingsResetScheduleSharingFailed,2026-10-05,080ca5913dbe9787c15fa7d60baca95b805075ed,en-US/en-GB,arb,settingsResetScheduleSharingFailed,C09,S03,스케줄은 초기화됐지만 이전 공유가 남아 있을 수 있어요. 앱 사용이 정상화되면 ‘일정공유 → 내 일정 공유하기’에서 ‘공유 중지’를 눌러 주세요.,"Your schedule was reset, but your old shared schedule may still be visible. When the app is working again, go to Schedule Sharing → Share My Schedule → Stop Sharing.","Your schedule was reset, but stopping your old share failed. The old shared schedule may still be visible. Complete your schedule setup again, then reopen ShiftBell with an internet connection to retry stopping the share.",수정,중,비한국어에서 공유 메뉴는 숨김. 로컬 중지 의도 저장 실패와 앱 재실행 재시도를 안내.,lib/screens/settings_tab.dart:313,현지화_문구검토_2026-10-05.csv: revised,위 코드 의미 근거로 이전 문구를 교정. 기존 원장은 별도 사유 없이 before/after와 상태만 있으므로 없는 과거 근거를 추정하지 않음.,C09,resource_audit.json 오류 0; 생성기/기존 테스트 결과는 검토결과.txt 참조,대기(검사하지 않음),미커밋 작업 트리
R1-20261005-arb-en-alarmHistoryDeleteAllDesc,2026-10-05,080ca5913dbe9787c15fa7d60baca95b805075ed,en-US/en-GB,arb,alarmHistoryDeleteAllDesc,C03,S11,모든 알람 이력이 삭제됩니다.,All alarm history will be deleted.,All alarm history and creation records will be deleted. This does not cancel scheduled alarms.,수정,중,이력/생성 로그 삭제와 알람 예약 취소를 명시적으로 구별.,lib/screens/all_alarms_history_view.dart:242,현지화_문구검토_2026-10-05.csv: retained,위 코드 의미 근거로 이전 문구를 교정. 기존 원장은 별도 사유 없이 before/after와 상태만 있으므로 없는 과거 근거를 추정하지 않음.,C03,resource_audit.json 오류 0; 생성기/기존 테스트 결과는 검토결과.txt 참조,대기(검사하지 않음),미커밋 작업 트리
R1-20261005-arb-en-helpAlarmSoundVolumeBody,2026-10-05,080ca5913dbe9787c15fa7d60baca95b805075ed,en-US/en-GB,arb,helpAlarmSoundVolumeBody,C03,S09,"앱 자체 알람음 7종과 제조사 기본 알람음 중에서 고를 수 있어요. 기기마다 스피커 특성이 달라서 소리가 너무 작거나 클 수 있는데, 앱이 자동으로 볼륨을 보정하지만 그래도 안 맞으면 알람 설정에서 소리를 다른 걸로 바꿔보세요.","You can choose from 7 built-in alarm sounds or your device's own system alarm sounds. Speaker characteristics vary by device, so the app auto-corrects volume, but if it still feels off, try switching to a different sound in the alarm settings.","You can choose from 7 built-in alarm sounds or your device's default alarm sound. Speaker characteristics vary by device, so the app auto-corrects volume, but if it still feels off, try switching to a different sound in the alarm settings.",수정,중,앱의 소리 선택지는 7개 내장음과 시스템 기본음 하나. 시스템 음원 목록 선택처럼 읽히는 복수형 교정.,lib/screens/help_screen.dart:109,현지화_문구검토_2026-10-05.csv: retained,위 코드 의미 근거로 이전 문구를 교정. 기존 원장은 별도 사유 없이 before/after와 상태만 있으므로 없는 과거 근거를 추정하지 않음.,C03,resource_audit.json 오류 0; 생성기/기존 테스트 결과는 검토결과.txt 참조,대기(검사하지 않음),미커밋 작업 트리
R1-20261005-arb-en-helpScheduleTabSectionTitle,2026-10-05,080ca5913dbe9787c15fa7d60baca95b805075ed,en-US/en-GB,arb,helpScheduleTabSectionTitle,C12,S01,일정관리 탭,Schedule Tab,Events Tab,수정,중,같은 개인 일정 탭을 Events와 Schedule로 달리 지칭. Events로 연결 명칭 정렬.,lib/screens/help_screen.dart:149,현지화_문구검토_2026-10-05.csv: retained,위 코드 의미 근거로 이전 문구를 교정. 기존 원장은 별도 사유 없이 before/after와 상태만 있으므로 없는 과거 근거를 추정하지 않음.,C01/C12,resource_audit.json 오류 0; 생성기/기존 테스트 결과는 검토결과.txt 참조,대기(검사하지 않음),미커밋 작업 트리
R1-20261005-arb-en-helpScheduleTabWhatIsItTitle,2026-10-05,080ca5913dbe9787c15fa7d60baca95b805075ed,en-US/en-GB,arb,helpScheduleTabWhatIsItTitle,C12,S01,일정관리 탭은 무엇이 다른가,How is the Schedule tab different?,How is the Events tab different?,수정,중,같은 개인 일정 탭을 Events와 Schedule로 달리 지칭. Events로 연결 명칭 정렬.,lib/screens/help_screen.dart:153,현지화_문구검토_2026-10-05.csv: retained,위 코드 의미 근거로 이전 문구를 교정. 기존 원장은 별도 사유 없이 before/after와 상태만 있으므로 없는 과거 근거를 추정하지 않음.,C01/C12,resource_audit.json 오류 0; 생성기/기존 테스트 결과는 검토결과.txt 참조,대기(검사하지 않음),미커밋 작업 트리
R1-20261005-arb-en-helpScheduleTabWhatIsItBody,2026-10-05,080ca5913dbe9787c15fa7d60baca95b805075ed,en-US/en-GB,arb,helpScheduleTabWhatIsItBody,C12,S01,"달력 탭의 ""메모""가 하루 전체에 대한 메모라면, 일정관리 탭은 하루 내에 몇 시부터 몇 시까지 무엇을 할지 시간 단위로 관리할 수 있는 화면이에요. 출근 전 약속, 퇴근 후 일정처럼 구체적인 시각이 있는 일들을 정리할 때 씁니다.","Calendar notes apply to a whole day. Events in the Schedule tab have a specific time, with an optional end time and reminder. Use them for appointments, errands or plans before and after work.","Calendar notes apply to a whole day. Events in the Events tab have a specific time, with an optional end time and reminder. Use them for appointments, errands or plans before and after work.",수정,중,같은 개인 일정 탭을 Events와 Schedule로 달리 지칭. Events로 연결 명칭 정렬.,lib/screens/help_screen.dart:154,현지화_문구검토_2026-10-05.csv: revised,위 코드 의미 근거로 이전 문구를 교정. 기존 원장은 별도 사유 없이 before/after와 상태만 있으므로 없는 과거 근거를 추정하지 않음.,C01/C12,resource_audit.json 오류 0; 생성기/기존 테스트 결과는 검토결과.txt 참조,대기(검사하지 않음),미커밋 작업 트리
R1-20261005-arb-en-helpConditionWhatIsItBody,2026-10-05,080ca5913dbe9787c15fa7d60baca95b805075ed,en-US/en-GB,arb,helpConditionWhatIsItBody,C13,S15,"내 근무 일정과 실제 수면 기록을 연결해서, 지금 시각을 기준으로 ""확인된 사실""(근무 사이 회복시간, 퇴근 후 실제 수면, 연속 야간·장시간 근무 등)과 ""추천 행동""(몇 시까지 잠자리에 들기, 카페인을 끊을 시각, 퇴근길 주의 등)을 보여주는 화면입니다. 점수로 상태를 매기지 않고, 수면 기록이 없거나 출퇴근 시각이 비어 있으면 그 한계를 ""판단 범위""로 따로 알려드려요. 건강 관련 기준과 조언은 수면의학·산업보건 분야의 연구 근거를 바탕으로 합니다.","This screen lets you review detected sleep, add a sleep period, and see your confirmed records. It shows recorded times and durations without giving a health score or medical diagnosis. Review an automatic estimate before confirming it.","This tab is available only when the app is in Korean. It combines your shift schedule and sleep records to show facts about rest between shifts, sleep after work and consecutive shifts, along with suggested actions for the current time. It does not give a health score. Missing sleep records or shift times are shown as limits on the assessment.",수정,중,숨김 번역이 이전 기록 전용 화면을 설명. 현재 한국어 기능의 사실·행동·한계 설명과 제공 조건으로 교정.,lib/screens/help_screen.dart:175,현지화_문구검토_2026-10-05.csv: retained,위 코드 의미 근거로 이전 문구를 교정. 기존 원장은 별도 사유 없이 before/after와 상태만 있으므로 없는 과거 근거를 추정하지 않음.,C13,resource_audit.json 오류 0; 생성기/기존 테스트 결과는 검토결과.txt 참조,대기(검사하지 않음),미커밋 작업 트리
R1-20261005-arb-en-helpBackupRestoreBody,2026-10-05,080ca5913dbe9787c15fa7d60baca95b805075ed,en-US/en-GB,arb,helpBackupRestoreBody,C08,S04,"앱을 지웠다가 다시 설치했다면, 첫 화면의 ""기존에 쓰시던 분이라면""에서 ""불러오기""를 눌러 백업 파일을 직접 골라 주세요. 파일은 Download/ShiftBell 폴더에 있어요.

다른 기기로 옮길 때는 이전 기기의 Download/ShiftBell 폴더에 있는 백업 파일을 새 기기로 먼저 복사해 두세요.

백업 파일은 직접 백업(manual)과 자동 백업(auto) 두 개만 남아요. 새로 만들면 같은 종류의 파일만 바뀌어서, 자동 백업이 직접 백업을 지우지 않아요.

복구가 끝나면 알림, 정확한 알람 같은 권한은 안전을 위해 다시 물어봐요.","Choose Restore from backup on the first screen or in Settings, then select a backup file from Download/ShiftBell. Review its saved time before restoring: the backup replaces your current app data.

To move to another phone, copy the file to that phone first. After restoring, check your shifts, upcoming alarms and alarm permissions.","Choose Restore from backup on the first screen or in Settings, then select a backup file from Download/ShiftBell. Review its saved time before restoring: it replaces your schedule, notes, overtime and other saved data and settings.

Alarm history and creation records are merged with the backup. Alarms that are ringing or snoozed are kept.

To move to another phone, copy the file to that phone first. After restoring, check your shifts, upcoming alarms and alarm permissions.",수정,상,복원은 원본 교체·이력 병합·진행 중 알람 이월. 전부 교체 단정 및 재개시 무조건 덮어쓰기 단정 교정.,lib/screens/help_screen.dart:245,현지화_문구검토_2026-10-05.csv: revised,위 코드 의미 근거로 이전 문구를 교정. 기존 원장은 별도 사유 없이 before/after와 상태만 있으므로 없는 과거 근거를 추정하지 않음.,C08,resource_audit.json 오류 0; 생성기/기존 테스트 결과는 검토결과.txt 참조,대기(검사하지 않음),미커밋 작업 트리
R1-20261005-arb-en-teamEditRecreateHint,2026-10-05,080ca5913dbe9787c15fa7d60baca95b805075ed,en-US/en-GB,arb,teamEditRecreateHint,C07,S08,전체근무표가 잘못 설정되어 각 조의 근무를 다시 입력해야 하는 경우,Use this if team positions were set incorrectly.,"Use this to change team positions, cycles or weekly schedules.",수정,중,팀 표 다시 만들기는 위치뿐 아니라 개별 순환/요일 규칙 변경에도 필요.,lib/screens/team_schedule_edit_screen.dart:134,현지화_문구검토_2026-10-05.csv: retained,위 코드 의미 근거로 이전 문구를 교정. 기존 원장은 별도 사유 없이 before/after와 상태만 있으므로 없는 과거 근거를 추정하지 않음.,C07,resource_audit.json 오류 0; 생성기/기존 테스트 결과는 검토결과.txt 참조,대기(검사하지 않음),미커밋 작업 트리
R1-20261005-arb-pt-backupRestoreIncompleteToast,2026-10-05,080ca5913dbe9787c15fa7d60baca95b805075ed,pt-BR,arb,backupRestoreIncompleteToast,C08,S05,복구를 끝까지 마치지 못했어요. 알람은 지금 데이터 기준으로 다시 맞춰 두었어요. 앱을 다시 열면 이어서 완료할 수 있어요.,A restauração não foi concluída. Os alarmes foram reagendados com seus dados atuais. Abra o app novamente para concluir.,A restauração não foi concluída. O reagendamento dos alarmes também pode estar incompleto. Tente novamente e confira os próximos alarmes.,수정,상,실패 후 재조정도 실패 가능하며 native 중단 알림은 재예약 완료 전에 표시. 완료 단정 제거.,lib/screens/restore_interrupted_screen.dart:45; lib/screens/restore_progress_screen.dart:54,현지화_문구검토_2026-10-05.csv: retained,위 코드 의미 근거로 이전 문구를 교정. 기존 원장은 별도 사유 없이 before/after와 상태만 있으므로 없는 과거 근거를 추정하지 않음.,C08/C16,resource_audit.json 오류 0; 생성기/기존 테스트 결과는 검토결과.txt 참조,대기(검사하지 않음),미커밋 작업 트리
R1-20261005-arb-pt-restoreInterruptedDesc,2026-10-05,080ca5913dbe9787c15fa7d60baca95b805075ed,pt-BR,arb,restoreInterruptedDesc,C08,S04,"이전에 시작한 복원이 중간에 멈췄어요. 이어서 완료하면 그 백업 내용으로 데이터를 맞추고, 멈춘 뒤에 바뀐 내용은 덮어써져요. 지금 데이터로 계속 쓸 수도 있어요. 어느 쪽이든 알람은 선택한 데이터 기준으로 다시 맞춰져요.","Uma restauração anterior não foi concluída. Se continuar, o backup substituirá os dados atuais, inclusive as alterações feitas desde a interrupção.

Você pode continuar a restauração ou manter os dados atuais. Os alarmes serão agendados com os dados que escolher.","Uma restauração anterior não foi concluída. Continue para terminar as etapas restantes ou mantenha os dados atuais. Continuar pode sobrescrever mudanças feitas após a interrupção. O histórico de alarmes e os registros de criação são mesclados; alarmes tocando ou adiados são mantidos.

As duas opções reagendam os alarmes com os dados resultantes. Confira os próximos alarmes ao terminar.",수정,상,복원은 원본 교체·이력 병합·진행 중 알람 이월. 전부 교체 단정 및 재개시 무조건 덮어쓰기 단정 교정.,lib/screens/restore_interrupted_screen.dart:100,현지화_문구검토_2026-10-05.csv: revised,위 코드 의미 근거로 이전 문구를 교정. 기존 원장은 별도 사유 없이 before/after와 상태만 있으므로 없는 과거 근거를 추정하지 않음.,C08,resource_audit.json 오류 0; 생성기/기존 테스트 결과는 검토결과.txt 참조,대기(검사하지 않음),미커밋 작업 트리
R1-20261005-arb-pt-settingsRestoreFromBackupDesc,2026-10-05,080ca5913dbe9787c15fa7d60baca95b805075ed,pt-BR,arb,settingsRestoreFromBackupDesc,C08,S04,다른 백업 파일로 지금 데이터를 덮어써요,Substituir os dados atuais por um backup,Substituir a escala e outros dados salvos por um backup,수정,상,복원은 원본 교체·이력 병합·진행 중 알람 이월. 전부 교체 단정 및 재개시 무조건 덮어쓰기 단정 교정.,lib/screens/settings_tab.dart:733,현지화_문구검토_2026-10-05.csv: retained,위 코드 의미 근거로 이전 문구를 교정. 기존 원장은 별도 사유 없이 before/after와 상태만 있으므로 없는 과거 근거를 추정하지 않음.,C08,resource_audit.json 오류 0; 생성기/기존 테스트 결과는 검토결과.txt 참조,대기(검사하지 않음),미커밋 작업 트리
R1-20261005-arb-pt-settingsRestoreFromBackupWarningBody,2026-10-05,080ca5913dbe9787c15fa7d60baca95b805075ed,pt-BR,arb,settingsRestoreFromBackupWarningBody,C08,S04,"지금 이 기기에 저장된 근무표·알람·메모·수면 기록 등 모든 데이터가 선택하는 백업 파일의 내용으로 완전히 덮어써집니다. 되돌릴 수 없으니 신중하게 진행해주세요.

다음 화면에서 파일 선택 창이 뜨면 아래 위치의 파일을 선택해주세요.

경로: Download → ShiftBell
파일명: ShiftBell_Backup_manual_(직접 백업) 또는 ShiftBell_Backup_auto_(자동 백업)로 시작하고 끝에 날짜와 시각이 붙은 파일(예: ShiftBell_Backup_auto_260917_060412.json)
보통 두 파일 중 날짜·시각이 더 최근인 것을 고르세요. 고른 뒤 다음 화면에서 그 백업의 저장 시각을 다시 확인할 수 있습니다.","Os dados atuais do app, incluindo turnos, alarmes, notas e horas extras, serão substituídos pelo backup escolhido. Isso não pode ser desfeito.

Escolha um arquivo em Download → ShiftBell.

Os nomes começam com ShiftBell_Backup_manual_ ou ShiftBell_Backup_auto_ e terminam com data e hora, por exemplo: ShiftBell_Backup_auto_260917_060412.json. Escolha o arquivo mais recente ou a versão que deseja restaurar. Você poderá conferir quando ele foi salvo antes de continuar.","Sua escala, notas, horas extras e outros dados e configurações salvos serão substituídos pelo backup escolhido. Isso não pode ser desfeito. O histórico de alarmes e os registros de criação serão mesclados com os do backup. Alarmes tocando ou adiados serão mantidos.

Escolha um arquivo em Download → ShiftBell.

Os nomes começam com ShiftBell_Backup_manual_ ou ShiftBell_Backup_auto_ e terminam com data e hora, por exemplo: ShiftBell_Backup_auto_260917_060412.json. Escolha o arquivo mais recente ou a versão que deseja restaurar. Você poderá conferir quando ele foi salvo antes de continuar.",수정,상,복원은 원본 교체·이력 병합·진행 중 알람 이월. 전부 교체 단정 및 재개시 무조건 덮어쓰기 단정 교정.,lib/screens/settings_tab.dart:188,현지화_문구검토_2026-10-05.csv: retained,위 코드 의미 근거로 이전 문구를 교정. 기존 원장은 별도 사유 없이 before/after와 상태만 있으므로 없는 과거 근거를 추정하지 않음.,C08,resource_audit.json 오류 0; 생성기/기존 테스트 결과는 검토결과.txt 참조,대기(검사하지 않음),미커밋 작업 트리
R1-20261005-arb-pt-settingsRestoreFromBackupConfirmBody,2026-10-05,080ca5913dbe9787c15fa7d60baca95b805075ed,pt-BR,arb,settingsRestoreFromBackupConfirmBody,C08,S04,{date}에 저장된 백업이에요. 복구하면 지금 이 기기의 데이터는 모두 사라지고 이 백업 내용으로 바뀝니다.,Este backup foi salvo em {date}. A restauração substituirá os dados atuais do app pelo conteúdo deste backup.,"Este backup foi salvo em {date}. Ele substituirá sua escala, notas, horas extras e outros dados e configurações salvos. O histórico de alarmes e os registros de criação serão mesclados. Alarmes tocando ou adiados serão mantidos.",수정,상,복원은 원본 교체·이력 병합·진행 중 알람 이월. 전부 교체 단정 및 재개시 무조건 덮어쓰기 단정 교정.,lib/screens/settings_tab.dart:239,현지화_문구검토_2026-10-05.csv: retained,위 코드 의미 근거로 이전 문구를 교정. 기존 원장은 별도 사유 없이 before/after와 상태만 있으므로 없는 과거 근거를 추정하지 않음.,C08,resource_audit.json 오류 0; 생성기/기존 테스트 결과는 검토결과.txt 참조,대기(검사하지 않음),미커밋 작업 트리
R1-20261005-arb-pt-settingsAllAlarmsWillBeDeleted,2026-10-05,080ca5913dbe9787c15fa7d60baca95b805075ed,pt-BR,arb,settingsAllAlarmsWillBeDeleted,C03,S12,등록된 모든 알람이 삭제됩니다.,Todos os alarmes agendados serão excluídos.,Todos os alarmes e as configurações de alarme de cada turno serão excluídos. O histórico e as opções salvas de alarme rápido serão mantidos.,수정,중,전체 알람 삭제에는 근무별 템플릿도 포함. 이력과 저장 프리셋은 남음.,lib/screens/settings_tab.dart:779,현지화_문구검토_2026-10-05.csv: retained,위 코드 의미 근거로 이전 문구를 교정. 기존 원장은 별도 사유 없이 before/after와 상태만 있으므로 없는 과거 근거를 추정하지 않음.,C03,resource_audit.json 오류 0; 생성기/기존 테스트 결과는 검토결과.txt 참조,대기(검사하지 않음),미커밋 작업 트리
R1-20261005-arb-pt-settingsResetScheduleSharingFailed,2026-10-05,080ca5913dbe9787c15fa7d60baca95b805075ed,pt-BR,arb,settingsResetScheduleSharingFailed,C09,S03,스케줄은 초기화됐지만 이전 공유가 남아 있을 수 있어요. 앱 사용이 정상화되면 ‘일정공유 → 내 일정 공유하기’에서 ‘공유 중지’를 눌러 주세요.,"Sua escala foi redefinida, mas a escala compartilhada antes pode continuar visível. Quando o app voltar a funcionar, acesse Compartilhar escala → Compartilhar minha escala → Parar de compartilhar.","Sua escala foi redefinida, mas não foi possível encerrar o compartilhamento anterior. A escala antiga pode continuar visível. Configure sua escala novamente e reabra o ShiftBell com internet para tentar encerrar o compartilhamento de novo.",수정,중,비한국어에서 공유 메뉴는 숨김. 로컬 중지 의도 저장 실패와 앱 재실행 재시도를 안내.,lib/screens/settings_tab.dart:313,현지화_문구검토_2026-10-05.csv: revised,위 코드 의미 근거로 이전 문구를 교정. 기존 원장은 별도 사유 없이 before/after와 상태만 있으므로 없는 과거 근거를 추정하지 않음.,C09,resource_audit.json 오류 0; 생성기/기존 테스트 결과는 검토결과.txt 참조,대기(검사하지 않음),미커밋 작업 트리
R1-20261005-arb-pt-alarmHistoryDeleteAllDesc,2026-10-05,080ca5913dbe9787c15fa7d60baca95b805075ed,pt-BR,arb,alarmHistoryDeleteAllDesc,C03,S11,모든 알람 이력이 삭제됩니다.,Todo o histórico de alarmes será excluído.,Todo o histórico de alarmes e os registros de criação serão excluídos. Isso não cancela os alarmes agendados.,수정,중,이력/생성 로그 삭제와 알람 예약 취소를 명시적으로 구별.,lib/screens/all_alarms_history_view.dart:242,현지화_문구검토_2026-10-05.csv: retained,위 코드 의미 근거로 이전 문구를 교정. 기존 원장은 별도 사유 없이 before/after와 상태만 있으므로 없는 과거 근거를 추정하지 않음.,C03,resource_audit.json 오류 0; 생성기/기존 테스트 결과는 검토결과.txt 참조,대기(검사하지 않음),미커밋 작업 트리
R1-20261005-arb-pt-helpConditionWhatIsItBody,2026-10-05,080ca5913dbe9787c15fa7d60baca95b805075ed,pt-BR,arb,helpConditionWhatIsItBody,C13,S15,"내 근무 일정과 실제 수면 기록을 연결해서, 지금 시각을 기준으로 ""확인된 사실""(근무 사이 회복시간, 퇴근 후 실제 수면, 연속 야간·장시간 근무 등)과 ""추천 행동""(몇 시까지 잠자리에 들기, 카페인을 끊을 시각, 퇴근길 주의 등)을 보여주는 화면입니다. 점수로 상태를 매기지 않고, 수면 기록이 없거나 출퇴근 시각이 비어 있으면 그 한계를 ""판단 범위""로 따로 알려드려요. 건강 관련 기준과 조언은 수면의학·산업보건 분야의 연구 근거를 바탕으로 합니다.","Nesta tela, você pode revisar o sono detectado, adicionar períodos de sono e ver os registros confirmados. Ela mostra horários e durações registrados, sem fornecer uma pontuação de saúde ou diagnóstico médico. Revise as estimativas automáticas antes de confirmá-las.","Esta aba está disponível apenas na versão em coreano. Ela combina sua escala e seus registros de sono para mostrar informações sobre descanso entre turnos, sono após o trabalho e turnos consecutivos, além de ações sugeridas para o momento atual. Não fornece uma pontuação de saúde. A falta de registros de sono ou de horários dos turnos é indicada como uma limitação da avaliação.",수정,중,숨김 번역이 이전 기록 전용 화면을 설명. 현재 한국어 기능의 사실·행동·한계 설명과 제공 조건으로 교정.,lib/screens/help_screen.dart:175,현지화_문구검토_2026-10-05.csv: retained,위 코드 의미 근거로 이전 문구를 교정. 기존 원장은 별도 사유 없이 before/after와 상태만 있으므로 없는 과거 근거를 추정하지 않음.,C13,resource_audit.json 오류 0; 생성기/기존 테스트 결과는 검토결과.txt 참조,대기(검사하지 않음),미커밋 작업 트리
R1-20261005-arb-pt-helpBackupRestoreBody,2026-10-05,080ca5913dbe9787c15fa7d60baca95b805075ed,pt-BR,arb,helpBackupRestoreBody,C08,S04,"앱을 지웠다가 다시 설치했다면, 첫 화면의 ""기존에 쓰시던 분이라면""에서 ""불러오기""를 눌러 백업 파일을 직접 골라 주세요. 파일은 Download/ShiftBell 폴더에 있어요.

다른 기기로 옮길 때는 이전 기기의 Download/ShiftBell 폴더에 있는 백업 파일을 새 기기로 먼저 복사해 두세요.

백업 파일은 직접 백업(manual)과 자동 백업(auto) 두 개만 남아요. 새로 만들면 같은 종류의 파일만 바뀌어서, 자동 백업이 직접 백업을 지우지 않아요.

복구가 끝나면 알림, 정확한 알람 같은 권한은 안전을 위해 다시 물어봐요.","Escolha Restaurar backup na primeira tela ou nas configurações e selecione um arquivo em Download/ShiftBell. Confira a data antes de restaurar: o backup substitui os dados atuais do app.

Para mudar de aparelho, copie o arquivo para o novo celular primeiro. Após restaurar, confira os turnos, próximos alarmes e permissões.","Escolha Restaurar backup na primeira tela ou nas configurações e selecione um arquivo em Download/ShiftBell. Confira a data antes de restaurar: ele substitui sua escala, notas, horas extras e outros dados e configurações salvos.

O histórico de alarmes e os registros de criação são mesclados com os do backup. Alarmes tocando ou adiados são mantidos.

Para mudar de aparelho, copie o arquivo para o novo celular primeiro. Após restaurar, confira os turnos, próximos alarmes e permissões.",수정,상,복원은 원본 교체·이력 병합·진행 중 알람 이월. 전부 교체 단정 및 재개시 무조건 덮어쓰기 단정 교정.,lib/screens/help_screen.dart:245,현지화_문구검토_2026-10-05.csv: revised,위 코드 의미 근거로 이전 문구를 교정. 기존 원장은 별도 사유 없이 before/after와 상태만 있으므로 없는 과거 근거를 추정하지 않음.,C08,resource_audit.json 오류 0; 생성기/기존 테스트 결과는 검토결과.txt 참조,대기(검사하지 않음),미커밋 작업 트리
R1-20261005-arb-pt-teamEditRecreateHint,2026-10-05,080ca5913dbe9787c15fa7d60baca95b805075ed,pt-BR,arb,teamEditRecreateHint,C07,S08,전체근무표가 잘못 설정되어 각 조의 근무를 다시 입력해야 하는 경우,Use se as posições das equipes foram definidas incorretamente.,"Use para alterar posições, ciclos ou escalas semanais das equipes.",수정,중,팀 표 다시 만들기는 위치뿐 아니라 개별 순환/요일 규칙 변경에도 필요.,lib/screens/team_schedule_edit_screen.dart:134,현지화_문구검토_2026-10-05.csv: retained,위 코드 의미 근거로 이전 문구를 교정. 기존 원장은 별도 사유 없이 before/after와 상태만 있으므로 없는 과거 근거를 추정하지 않음.,C07,resource_audit.json 오류 0; 생성기/기존 테스트 결과는 검토결과.txt 참조,대기(검사하지 않음),미커밋 작업 트리
R1-20261005-arb-de-backupRestoreIncompleteToast,2026-10-05,080ca5913dbe9787c15fa7d60baca95b805075ed,de-DE,arb,backupRestoreIncompleteToast,C08,S05,복구를 끝까지 마치지 못했어요. 알람은 지금 데이터 기준으로 다시 맞춰 두었어요. 앱을 다시 열면 이어서 완료할 수 있어요.,"Die Wiederherstellung konnte nicht abgeschlossen werden. Wecker wurden anhand deiner aktuellen Daten erneut eingerichtet. Öffne die App erneut, um fortzufahren.",Die Wiederherstellung wurde nicht abgeschlossen. Auch die Neuplanung der Wecker kann unvollständig sein. Versuche es erneut und prüfe danach deine kommenden Wecker.,수정,상,실패 후 재조정도 실패 가능하며 native 중단 알림은 재예약 완료 전에 표시. 완료 단정 제거.,lib/screens/restore_interrupted_screen.dart:45; lib/screens/restore_progress_screen.dart:54,현지화_문구검토_2026-10-05.csv: revised,위 코드 의미 근거로 이전 문구를 교정. 기존 원장은 별도 사유 없이 before/after와 상태만 있으므로 없는 과거 근거를 추정하지 않음.,C08/C16,resource_audit.json 오류 0; 생성기/기존 테스트 결과는 검토결과.txt 참조,대기(검사하지 않음),미커밋 작업 트리
R1-20261005-arb-de-restoreInterruptedDesc,2026-10-05,080ca5913dbe9787c15fa7d60baca95b805075ed,de-DE,arb,restoreInterruptedDesc,C08,S04,"이전에 시작한 복원이 중간에 멈췄어요. 이어서 완료하면 그 백업 내용으로 데이터를 맞추고, 멈춘 뒤에 바뀐 내용은 덮어써져요. 지금 데이터로 계속 쓸 수도 있어요. 어느 쪽이든 알람은 선택한 데이터 기준으로 다시 맞춰져요.","Eine frühere Wiederherstellung wurde unterbrochen. Wenn du fortfährst, werden deine Daten durch die Sicherung ersetzt. Änderungen seit der Unterbrechung werden überschrieben. Du kannst auch deine aktuellen Daten behalten. In beiden Fällen werden die Wecker anhand der gewählten Daten neu eingerichtet.","Eine frühere Wiederherstellung wurde unterbrochen. Setze die verbleibenden Schritte fort oder behalte deine aktuellen Daten. Beim Fortsetzen können Änderungen seit der Unterbrechung überschrieben werden. Wecker- und Erstellungsverlauf werden zusammengeführt; klingelnde oder per Schlummerfunktion verschobene Wecker bleiben erhalten.

Bei beiden Optionen werden die Wecker anhand der resultierenden Daten neu geplant. Prüfe danach deine kommenden Wecker.",수정,상,복원은 원본 교체·이력 병합·진행 중 알람 이월. 전부 교체 단정 및 재개시 무조건 덮어쓰기 단정 교정.,lib/screens/restore_interrupted_screen.dart:100,현지화_문구검토_2026-10-05.csv: revised,위 코드 의미 근거로 이전 문구를 교정. 기존 원장은 별도 사유 없이 before/after와 상태만 있으므로 없는 과거 근거를 추정하지 않음.,C08,resource_audit.json 오류 0; 생성기/기존 테스트 결과는 검토결과.txt 참조,대기(검사하지 않음),미커밋 작업 트리
R1-20261005-arb-de-settingsRestoreFromBackupDesc,2026-10-05,080ca5913dbe9787c15fa7d60baca95b805075ed,de-DE,arb,settingsRestoreFromBackupDesc,C08,S04,다른 백업 파일로 지금 데이터를 덮어써요,Aktuelle Daten durch eine Sicherung ersetzen,Schichtplan und weitere gespeicherte Daten aus einer Sicherung ersetzen,수정,상,복원은 원본 교체·이력 병합·진행 중 알람 이월. 전부 교체 단정 및 재개시 무조건 덮어쓰기 단정 교정.,lib/screens/settings_tab.dart:733,현지화_문구검토_2026-10-05.csv: retained,위 코드 의미 근거로 이전 문구를 교정. 기존 원장은 별도 사유 없이 before/after와 상태만 있으므로 없는 과거 근거를 추정하지 않음.,C08,resource_audit.json 오류 0; 생성기/기존 테스트 결과는 검토결과.txt 참조,대기(검사하지 않음),미커밋 작업 트리
R1-20261005-arb-de-settingsRestoreFromBackupWarningBody,2026-10-05,080ca5913dbe9787c15fa7d60baca95b805075ed,de-DE,arb,settingsRestoreFromBackupWarningBody,C08,S04,"지금 이 기기에 저장된 근무표·알람·메모·수면 기록 등 모든 데이터가 선택하는 백업 파일의 내용으로 완전히 덮어써집니다. 되돌릴 수 없으니 신중하게 진행해주세요.

다음 화면에서 파일 선택 창이 뜨면 아래 위치의 파일을 선택해주세요.

경로: Download → ShiftBell
파일명: ShiftBell_Backup_manual_(직접 백업) 또는 ShiftBell_Backup_auto_(자동 백업)로 시작하고 끝에 날짜와 시각이 붙은 파일(예: ShiftBell_Backup_auto_260917_060412.json)
보통 두 파일 중 날짜·시각이 더 최근인 것을 고르세요. 고른 뒤 다음 화면에서 그 백업의 저장 시각을 다시 확인할 수 있습니다.","Deine aktuellen App-Daten, einschließlich Schichten, Weckern, Notizen und Überstunden, werden durch die gewählte Sicherung ersetzt. Dies kann nicht rückgängig gemacht werden.

Wähle eine Datei unter Download → ShiftBell.

Sicherungsnamen beginnen mit ShiftBell_Backup_manual_ oder ShiftBell_Backup_auto_ und enden mit Datum und Uhrzeit, zum Beispiel ShiftBell_Backup_auto_260917_060412.json. Wähle die neueste Datei oder die gewünschte Version. Vor dem Fortfahren kannst du den Speicherzeitpunkt prüfen.","Dein Schichtplan, Notizen, Überstunden und weitere gespeicherte Daten und Einstellungen werden durch die gewählte Sicherung ersetzt. Dies kann nicht rückgängig gemacht werden. Wecker- und Erstellungsverlauf werden mit der Sicherung zusammengeführt. Klingelnde oder per Schlummerfunktion verschobene Wecker bleiben erhalten.

Wähle eine Datei unter Download → ShiftBell.

Sicherungsnamen beginnen mit ShiftBell_Backup_manual_ oder ShiftBell_Backup_auto_ und enden mit Datum und Uhrzeit, zum Beispiel ShiftBell_Backup_auto_260917_060412.json. Wähle die neueste Datei oder die gewünschte Version. Vor dem Fortfahren kannst du den Speicherzeitpunkt prüfen.",수정,상,복원은 원본 교체·이력 병합·진행 중 알람 이월. 전부 교체 단정 및 재개시 무조건 덮어쓰기 단정 교정.,lib/screens/settings_tab.dart:188,현지화_문구검토_2026-10-05.csv: revised,위 코드 의미 근거로 이전 문구를 교정. 기존 원장은 별도 사유 없이 before/after와 상태만 있으므로 없는 과거 근거를 추정하지 않음.,C08,resource_audit.json 오류 0; 생성기/기존 테스트 결과는 검토결과.txt 참조,대기(검사하지 않음),미커밋 작업 트리
R1-20261005-arb-de-settingsRestoreFromBackupConfirmBody,2026-10-05,080ca5913dbe9787c15fa7d60baca95b805075ed,de-DE,arb,settingsRestoreFromBackupConfirmBody,C08,S04,{date}에 저장된 백업이에요. 복구하면 지금 이 기기의 데이터는 모두 사라지고 이 백업 내용으로 바뀝니다.,Diese Sicherung wurde am {date} gespeichert. Ihr Inhalt ersetzt die aktuellen Daten der App.,"Diese Sicherung wurde am {date} gespeichert. Sie ersetzt deinen Schichtplan, Notizen, Überstunden und weitere gespeicherte Daten und Einstellungen. Wecker- und Erstellungsverlauf werden zusammengeführt. Klingelnde oder per Schlummerfunktion verschobene Wecker bleiben erhalten.",수정,상,복원은 원본 교체·이력 병합·진행 중 알람 이월. 전부 교체 단정 및 재개시 무조건 덮어쓰기 단정 교정.,lib/screens/settings_tab.dart:239,현지화_문구검토_2026-10-05.csv: retained,위 코드 의미 근거로 이전 문구를 교정. 기존 원장은 별도 사유 없이 before/after와 상태만 있으므로 없는 과거 근거를 추정하지 않음.,C08,resource_audit.json 오류 0; 생성기/기존 테스트 결과는 검토결과.txt 참조,대기(검사하지 않음),미커밋 작업 트리
R1-20261005-arb-de-settingsAllAlarmsWillBeDeleted,2026-10-05,080ca5913dbe9787c15fa7d60baca95b805075ed,de-DE,arb,settingsAllAlarmsWillBeDeleted,C03,S12,등록된 모든 알람이 삭제됩니다.,Alle geplanten Wecker werden gelöscht.,Alle Wecker und Weckereinstellungen je Schicht werden gelöscht. Der Weckerverlauf und gespeicherte Schnellweckervorlagen bleiben erhalten.,수정,중,전체 알람 삭제에는 근무별 템플릿도 포함. 이력과 저장 프리셋은 남음.,lib/screens/settings_tab.dart:779,현지화_문구검토_2026-10-05.csv: revised,위 코드 의미 근거로 이전 문구를 교정. 기존 원장은 별도 사유 없이 before/after와 상태만 있으므로 없는 과거 근거를 추정하지 않음.,C03,resource_audit.json 오류 0; 생성기/기존 테스트 결과는 검토결과.txt 참조,대기(검사하지 않음),미커밋 작업 트리
R1-20261005-arb-de-settingsResetScheduleSharingFailed,2026-10-05,080ca5913dbe9787c15fa7d60baca95b805075ed,de-DE,arb,settingsResetScheduleSharingFailed,C09,S03,스케줄은 초기화됐지만 이전 공유가 남아 있을 수 있어요. 앱 사용이 정상화되면 ‘일정공유 → 내 일정 공유하기’에서 ‘공유 중지’를 눌러 주세요.,"Dein Schichtplan wurde zurückgesetzt. Der zuvor geteilte Plan kann aber noch sichtbar sein. Sobald die App wieder funktioniert, öffne Schichtplan teilen → Meinen Plan teilen → Teilen beenden.","Dein Schichtplan wurde zurückgesetzt, aber die frühere Freigabe konnte nicht beendet werden. Der alte Plan kann noch sichtbar sein. Richte deinen Schichtplan erneut ein und öffne ShiftBell mit Internetverbindung wieder, um das Beenden der Freigabe erneut zu versuchen.",수정,중,비한국어에서 공유 메뉴는 숨김. 로컬 중지 의도 저장 실패와 앱 재실행 재시도를 안내.,lib/screens/settings_tab.dart:313,현지화_문구검토_2026-10-05.csv: revised,위 코드 의미 근거로 이전 문구를 교정. 기존 원장은 별도 사유 없이 before/after와 상태만 있으므로 없는 과거 근거를 추정하지 않음.,C09,resource_audit.json 오류 0; 생성기/기존 테스트 결과는 검토결과.txt 참조,대기(검사하지 않음),미커밋 작업 트리
R1-20261005-arb-de-alarmHistoryDeleteAllDesc,2026-10-05,080ca5913dbe9787c15fa7d60baca95b805075ed,de-DE,arb,alarmHistoryDeleteAllDesc,C03,S11,모든 알람 이력이 삭제됩니다.,Der gesamte Weckerverlauf wird gelöscht.,Der gesamte Wecker- und Erstellungsverlauf wird gelöscht. Geplante Wecker werden dadurch nicht deaktiviert.,수정,중,이력/생성 로그 삭제와 알람 예약 취소를 명시적으로 구별.,lib/screens/all_alarms_history_view.dart:242,현지화_문구검토_2026-10-05.csv: revised,위 코드 의미 근거로 이전 문구를 교정. 기존 원장은 별도 사유 없이 before/after와 상태만 있으므로 없는 과거 근거를 추정하지 않음.,C03,resource_audit.json 오류 0; 생성기/기존 테스트 결과는 검토결과.txt 참조,대기(검사하지 않음),미커밋 작업 트리
R1-20261005-arb-de-helpConditionWhatIsItBody,2026-10-05,080ca5913dbe9787c15fa7d60baca95b805075ed,de-DE,arb,helpConditionWhatIsItBody,C13,S15,"내 근무 일정과 실제 수면 기록을 연결해서, 지금 시각을 기준으로 ""확인된 사실""(근무 사이 회복시간, 퇴근 후 실제 수면, 연속 야간·장시간 근무 등)과 ""추천 행동""(몇 시까지 잠자리에 들기, 카페인을 끊을 시각, 퇴근길 주의 등)을 보여주는 화면입니다. 점수로 상태를 매기지 않고, 수면 기록이 없거나 출퇴근 시각이 비어 있으면 그 한계를 ""판단 범위""로 따로 알려드려요. 건강 관련 기준과 조언은 수면의학·산업보건 분야의 연구 근거를 바탕으로 합니다.","Hier kannst du erkannte Schlafzeiten prüfen, Schlafphasen hinzufügen und bestätigte Einträge ansehen. Die Ansicht zeigt aufgezeichnete Zeiten und Dauern, ohne Gesundheitsbewertung oder medizinische Diagnose. Prüfe automatische Schätzungen, bevor du sie bestätigst.","Diese Ansicht ist nur in der koreanischen Sprachversion verfügbar. Sie verbindet deinen Schichtplan mit Schlafaufzeichnungen und zeigt Angaben zu Ruhezeiten zwischen Schichten, Schlaf nach der Arbeit und aufeinanderfolgenden Schichten sowie Handlungsvorschläge für den aktuellen Zeitpunkt. Sie vergibt keinen Gesundheitsscore. Fehlende Schlafdaten oder Schichtzeiten werden als Grenzen der Einschätzung angegeben.",수정,중,숨김 번역이 이전 기록 전용 화면을 설명. 현재 한국어 기능의 사실·행동·한계 설명과 제공 조건으로 교정.,lib/screens/help_screen.dart:175,현지화_문구검토_2026-10-05.csv: retained,위 코드 의미 근거로 이전 문구를 교정. 기존 원장은 별도 사유 없이 before/after와 상태만 있으므로 없는 과거 근거를 추정하지 않음.,C13,resource_audit.json 오류 0; 생성기/기존 테스트 결과는 검토결과.txt 참조,대기(검사하지 않음),미커밋 작업 트리
R1-20261005-arb-de-helpBackupRestoreBody,2026-10-05,080ca5913dbe9787c15fa7d60baca95b805075ed,de-DE,arb,helpBackupRestoreBody,C08,S04,"앱을 지웠다가 다시 설치했다면, 첫 화면의 ""기존에 쓰시던 분이라면""에서 ""불러오기""를 눌러 백업 파일을 직접 골라 주세요. 파일은 Download/ShiftBell 폴더에 있어요.

다른 기기로 옮길 때는 이전 기기의 Download/ShiftBell 폴더에 있는 백업 파일을 새 기기로 먼저 복사해 두세요.

백업 파일은 직접 백업(manual)과 자동 백업(auto) 두 개만 남아요. 새로 만들면 같은 종류의 파일만 바뀌어서, 자동 백업이 직접 백업을 지우지 않아요.

복구가 끝나면 알림, 정확한 알람 같은 권한은 안전을 위해 다시 물어봐요.","Wähle auf dem ersten Bildschirm oder in den Einstellungen Daten wiederherstellen und dann eine Datei aus Download/ShiftBell. Prüfe vorher den Speicherzeitpunkt: Die Sicherung ersetzt die aktuellen App-Daten.

Für einen Gerätewechsel kopierst du die Datei zuerst auf das neue Handy. Prüfe nach der Wiederherstellung Schichten, kommende Wecker und Weckerberechtigungen.","Wähle auf dem ersten Bildschirm oder in den Einstellungen Daten wiederherstellen und dann eine Datei aus Download/ShiftBell. Prüfe vorher den Speicherzeitpunkt: Die Sicherung ersetzt deinen Schichtplan, Notizen, Überstunden und weitere gespeicherte Daten und Einstellungen.

Wecker- und Erstellungsverlauf werden mit der Sicherung zusammengeführt. Klingelnde oder per Schlummerfunktion verschobene Wecker bleiben erhalten.

Für einen Gerätewechsel kopierst du die Datei zuerst auf das neue Handy. Prüfe nach der Wiederherstellung Schichten, kommende Wecker und Weckerberechtigungen.",수정,상,복원은 원본 교체·이력 병합·진행 중 알람 이월. 전부 교체 단정 및 재개시 무조건 덮어쓰기 단정 교정.,lib/screens/help_screen.dart:245,현지화_문구검토_2026-10-05.csv: revised,위 코드 의미 근거로 이전 문구를 교정. 기존 원장은 별도 사유 없이 before/after와 상태만 있으므로 없는 과거 근거를 추정하지 않음.,C08,resource_audit.json 오류 0; 생성기/기존 테스트 결과는 검토결과.txt 참조,대기(검사하지 않음),미커밋 작업 트리
R1-20261005-arb-de-teamEditRecreateHint,2026-10-05,080ca5913dbe9787c15fa7d60baca95b805075ed,de-DE,arb,teamEditRecreateHint,C07,S08,전체근무표가 잘못 설정되어 각 조의 근무를 다시 입력해야 하는 경우,Wenn Teampositionen falsch eingerichtet wurden.,"Hier kannst du Teampositionen, Zyklen oder Wochenpläne neu festlegen.",수정,중,팀 표 다시 만들기는 위치뿐 아니라 개별 순환/요일 규칙 변경에도 필요.,lib/screens/team_schedule_edit_screen.dart:134,현지화_문구검토_2026-10-05.csv: retained,위 코드 의미 근거로 이전 문구를 교정. 기존 원장은 별도 사유 없이 before/after와 상태만 있으므로 없는 과거 근거를 추정하지 않음.,C07,resource_audit.json 오류 0; 생성기/기존 테스트 결과는 검토결과.txt 참조,대기(검사하지 않음),미커밋 작업 트리
R1-20261005-arb-hi-shiftPayday,2026-10-05,080ca5913dbe9787c15fa7d60baca95b805075ed,hi-IN,arb,shiftPayday,C06,S16,급여 산정일,गणना की अंतिम तारीख,गणना की आधार तारीख,수정,하,기준일은 시작일/종료일 어느 쪽도 될 수 있음. 현재 미참조 키의 종료일 한정도 제거. 현재 소스 직접 호출 미발견: 미사용/간접 참조 리소스이며 실제 표시를 검증했다고 보지 않음.,직접 호출 미발견,힌디어_문구원장_2026-10-05.csv: 문구 작성·의미 검토 / 레이아웃 미검증,위 코드 의미 근거로 이전 문구를 교정. 기존 원장은 별도 사유 없이 before/after와 상태만 있으므로 없는 과거 근거를 추정하지 않음.,C06,resource_audit.json 오류 0; 생성기/기존 테스트 결과는 검토결과.txt 참조,대기(검사하지 않음),미커밋 작업 트리
R1-20261005-arb-hi-onboardingShiftNameSubHint,2026-10-05,080ca5913dbe9787c15fa7d60baca95b805075ed,hi-IN,arb,onboardingShiftNameSubHint,C02,S14,"연차나 휴가처럼 가끔 쓰는 근무도 함께 두면, 나중에 달력에서 간편하게 변경할 수 있어요.

쓰지 않는 근무명은 ×로 지우고, 목록에 없는 근무명은 + 추가로 만들어 주세요.","साप्ताहिक छुट्टी और अवकाश भी जोड़ें। बाद में इन्हें तारीखों पर लगा सकते हैं।

हटाने के लिए × या नया नाम बनाने के लिए + जोड़ें पर टैप करें।","छुट्टी और अवकाश भी जोड़ें। बाद में इन्हें तारीखों पर लगा सकते हैं।

हटाने के लिए × या नया नाम बनाने के लिए + जोड़ें पर टैप करें।",수정,중,교대 휴무는 매주 고정된 휴무에 한정되지 않으므로 주간이라는 수식 제거.,lib/screens/onboarding_screen.dart:341,힌디어_문구원장_2026-10-05.csv: 문구 작성·의미 검토 / 레이아웃 미검증,위 코드 의미 근거로 이전 문구를 교정. 기존 원장은 별도 사유 없이 before/after와 상태만 있으므로 없는 과거 근거를 추정하지 않음.,C02,resource_audit.json 오류 0; 생성기/기존 테스트 결과는 검토결과.txt 참조,대기(검사하지 않음),미커밋 작업 트리
R1-20261005-arb-hi-settingsAlarmHistoryDesc,2026-10-05,080ca5913dbe9787c15fa7d60baca95b805075ed,hi-IN,arb,settingsAlarmHistoryDesc,C03,S02,생성됐던 모든 알람과 그 결과 확인,पिछले अलार्म और उनकी स्थिति देखें,अलार्म और उनकी स्थिति देखें,수정,중,알람 이력 화면은 미래 생성 기록도 포함. 과거 알람으로만 좁힌 설명 제거.,lib/screens/settings_tab.dart:659,힌디어_문구원장_2026-10-05.csv: 문구 작성·의미 검토 / 레이아웃 미검증,위 코드 의미 근거로 이전 문구를 교정. 기존 원장은 별도 사유 없이 before/after와 상태만 있으므로 없는 과거 근거를 추정하지 않음.,C03,resource_audit.json 오류 0; 생성기/기존 테스트 결과는 검토결과.txt 참조,대기(검사하지 않음),미커밋 작업 트리
R1-20261005-arb-hi-backupRestoreIncompleteToast,2026-10-05,080ca5913dbe9787c15fa7d60baca95b805075ed,hi-IN,arb,backupRestoreIncompleteToast,C08,S05,복구를 끝까지 마치지 못했어요. 알람은 지금 데이터 기준으로 다시 맞춰 두었어요. 앱을 다시 열면 이어서 완료할 수 있어요.,डेटा वापस लाने की प्रक्रिया पूरी नहीं हुई। मौजूदा डेटा के अनुसार अलार्म फिर सेट कर दिए गए हैं। प्रक्रिया पूरी करने के लिए ऐप दोबारा खोलें।,डेटा वापस लाने की प्रक्रिया पूरी नहीं हुई। अलार्म दोबारा सेट करने का काम भी अधूरा हो सकता है। फिर कोशिश करें और आने वाले अलार्म जांचें।,수정,상,실패 후 재조정도 실패 가능하며 native 중단 알림은 재예약 완료 전에 표시. 완료 단정 제거.,lib/screens/restore_interrupted_screen.dart:45; lib/screens/restore_progress_screen.dart:54,힌디어_문구원장_2026-10-05.csv: 문구 작성·의미 검토 / 레이아웃 미검증,위 코드 의미 근거로 이전 문구를 교정. 기존 원장은 별도 사유 없이 before/after와 상태만 있으므로 없는 과거 근거를 추정하지 않음.,C08/C16,resource_audit.json 오류 0; 생성기/기존 테스트 결과는 검토결과.txt 참조,대기(검사하지 않음),미커밋 작업 트리
R1-20261005-arb-hi-restoreInterruptedDesc,2026-10-05,080ca5913dbe9787c15fa7d60baca95b805075ed,hi-IN,arb,restoreInterruptedDesc,C08,S04,"이전에 시작한 복원이 중간에 멈췄어요. 이어서 완료하면 그 백업 내용으로 데이터를 맞추고, 멈춘 뒤에 바뀐 내용은 덮어써져요. 지금 데이터로 계속 쓸 수도 있어요. 어느 쪽이든 알람은 선택한 데이터 기준으로 다시 맞춰져요.","पिछली बार बैकअप से डेटा वापस लाने की प्रक्रिया पूरी नहीं हुई। जारी रखने पर मौजूदा डेटा की जगह उस बैकअप का डेटा आ जाएगा। प्रक्रिया रुकने के बाद किए गए बदलाव भी बदल जाएंगे।

आप प्रक्रिया जारी रख सकते हैं या मौजूदा डेटा रख सकते हैं। अलार्म आपके चुने हुए डेटा के अनुसार सेट होंगे।","पिछली बार डेटा वापस लाने की प्रक्रिया पूरी नहीं हुई। बचे हुए चरण पूरे करें या मौजूदा डेटा रखें। जारी रखने पर प्रक्रिया रुकने के बाद किए गए बदलाव मिट सकते हैं। अलार्म का इतिहास और अलार्म बनने के रिकॉर्ड जोड़ दिए जाते हैं; अभी बज रहे या स्नूज़ किए गए अलार्म बने रहते हैं।

दोनों विकल्पों में अंत में बचे डेटा के अनुसार अलार्म फिर सेट किए जाते हैं। प्रक्रिया पूरी होने के बाद आने वाले अलार्म जांचें।",수정,상,복원은 원본 교체·이력 병합·진행 중 알람 이월. 전부 교체 단정 및 재개시 무조건 덮어쓰기 단정 교정.,lib/screens/restore_interrupted_screen.dart:100,힌디어_문구원장_2026-10-05.csv: 문구 작성·의미 검토 / 레이아웃 미검증,위 코드 의미 근거로 이전 문구를 교정. 기존 원장은 별도 사유 없이 before/after와 상태만 있으므로 없는 과거 근거를 추정하지 않음.,C08,resource_audit.json 오류 0; 생성기/기존 테스트 결과는 검토결과.txt 참조,대기(검사하지 않음),미커밋 작업 트리
R1-20261005-arb-hi-settingsRestoreFromBackupDesc,2026-10-05,080ca5913dbe9787c15fa7d60baca95b805075ed,hi-IN,arb,settingsRestoreFromBackupDesc,C08,S04,다른 백업 파일로 지금 데이터를 덮어써요,मौजूदा डेटा की जगह बैकअप का डेटा लाएं,शेड्यूल और दूसरे सेव किए गए डेटा की जगह बैकअप का डेटा लाएं,수정,상,복원은 원본 교체·이력 병합·진행 중 알람 이월. 전부 교체 단정 및 재개시 무조건 덮어쓰기 단정 교정.,lib/screens/settings_tab.dart:733,힌디어_문구원장_2026-10-05.csv: 문구 작성·의미 검토 / 레이아웃 미검증,위 코드 의미 근거로 이전 문구를 교정. 기존 원장은 별도 사유 없이 before/after와 상태만 있으므로 없는 과거 근거를 추정하지 않음.,C08,resource_audit.json 오류 0; 생성기/기존 테스트 결과는 검토결과.txt 참조,대기(검사하지 않음),미커밋 작업 트리
R1-20261005-arb-hi-settingsRestoreFromBackupWarningBody,2026-10-05,080ca5913dbe9787c15fa7d60baca95b805075ed,hi-IN,arb,settingsRestoreFromBackupWarningBody,C08,S04,"지금 이 기기에 저장된 근무표·알람·메모·수면 기록 등 모든 데이터가 선택하는 백업 파일의 내용으로 완전히 덮어써집니다. 되돌릴 수 없으니 신중하게 진행해주세요.

다음 화면에서 파일 선택 창이 뜨면 아래 위치의 파일을 선택해주세요.

경로: Download → ShiftBell
파일명: ShiftBell_Backup_manual_(직접 백업) 또는 ShiftBell_Backup_auto_(자동 백업)로 시작하고 끝에 날짜와 시각이 붙은 파일(예: ShiftBell_Backup_auto_260917_060412.json)
보통 두 파일 중 날짜·시각이 더 최근인 것을 고르세요. 고른 뒤 다음 화면에서 그 백업의 저장 시각을 다시 확인할 수 있습니다.","आपके मौजूदा ऐप डेटा—शिफ्ट, अलार्म, नोट और ओवरटाइम सहित—की जगह चुने गए बैकअप का डेटा आ जाएगा। इसे वापस नहीं किया जा सकता।

Download → ShiftBell में फ़ाइल चुनें।

बैकअप का नाम ShiftBell_Backup_manual_ या ShiftBell_Backup_auto_ से शुरू होता है और अंत में तारीख व समय होता है। जैसे: ShiftBell_Backup_auto_260917_060412.json। सबसे नई फ़ाइल या जिस समय का डेटा चाहिए, वह फ़ाइल चुनें। आगे बढ़ने से पहले बैकअप का समय देख सकते हैं।","आपके शिफ्ट शेड्यूल, नोट, ओवरटाइम और बाकी सेव किए गए डेटा व सेटिंग की जगह चुने हुए बैकअप का डेटा आएगा। इसे वापस नहीं किया जा सकता। अलार्म का इतिहास और अलार्म बनने के रिकॉर्ड बैकअप के रिकॉर्ड के साथ जोड़ दिए जाएंगे। अभी बज रहे या स्नूज़ किए गए अलार्म बने रहेंगे।

Download → ShiftBell में फ़ाइल चुनें।

बैकअप का नाम ShiftBell_Backup_manual_ या ShiftBell_Backup_auto_ से शुरू होता है और अंत में तारीख व समय होता है। जैसे: ShiftBell_Backup_auto_260917_060412.json। सबसे नई फ़ाइल या जिस समय का डेटा चाहिए, वह फ़ाइल चुनें। आगे बढ़ने से पहले बैकअप का समय देख सकते हैं।",수정,상,복원은 원본 교체·이력 병합·진행 중 알람 이월. 전부 교체 단정 및 재개시 무조건 덮어쓰기 단정 교정.,lib/screens/settings_tab.dart:188,힌디어_문구원장_2026-10-05.csv: 문구 작성·의미 검토 / 레이아웃 미검증,위 코드 의미 근거로 이전 문구를 교정. 기존 원장은 별도 사유 없이 before/after와 상태만 있으므로 없는 과거 근거를 추정하지 않음.,C08,resource_audit.json 오류 0; 생성기/기존 테스트 결과는 검토결과.txt 참조,대기(검사하지 않음),미커밋 작업 트리
R1-20261005-arb-hi-settingsRestoreFromBackupConfirmBody,2026-10-05,080ca5913dbe9787c15fa7d60baca95b805075ed,hi-IN,arb,settingsRestoreFromBackupConfirmBody,C08,S04,{date}에 저장된 백업이에요. 복구하면 지금 이 기기의 데이터는 모두 사라지고 이 백업 내용으로 바뀝니다.,यह बैकअप {date} को सेव हुआ था। ऐप के मौजूदा डेटा की जगह इस बैकअप का डेटा आ जाएगा।,"यह बैकअप {date} को सेव हुआ था। यह आपके शिफ्ट शेड्यूल, नोट, ओवरटाइम और बाकी सेव किए गए डेटा व सेटिंग की जगह लेगा। अलार्म का इतिहास और अलार्म बनने के रिकॉर्ड जोड़ दिए जाएंगे। अभी बज रहे या स्नूज़ किए गए अलार्म बने रहेंगे।",수정,상,복원은 원본 교체·이력 병합·진행 중 알람 이월. 전부 교체 단정 및 재개시 무조건 덮어쓰기 단정 교정.,lib/screens/settings_tab.dart:239,힌디어_문구원장_2026-10-05.csv: 문구 작성·의미 검토 / 레이아웃 미검증,위 코드 의미 근거로 이전 문구를 교정. 기존 원장은 별도 사유 없이 before/after와 상태만 있으므로 없는 과거 근거를 추정하지 않음.,C08,resource_audit.json 오류 0; 생성기/기존 테스트 결과는 검토결과.txt 참조,대기(검사하지 않음),미커밋 작업 트리
R1-20261005-arb-hi-settingsAllAlarmsWillBeDeleted,2026-10-05,080ca5913dbe9787c15fa7d60baca95b805075ed,hi-IN,arb,settingsAllAlarmsWillBeDeleted,C03,S12,등록된 모든 알람이 삭제됩니다.,सभी सेट किए गए अलार्म हट जाएंगे।,सभी अलार्म और हर शिफ्ट की अलार्म सेटिंग हट जाएंगी। अलार्म का इतिहास और एक टैप अलार्म के सेव किए विकल्प बने रहेंगे।,수정,중,전체 알람 삭제에는 근무별 템플릿도 포함. 이력과 저장 프리셋은 남음.,lib/screens/settings_tab.dart:779,힌디어_문구원장_2026-10-05.csv: 문구 작성·의미 검토 / 레이아웃 미검증,위 코드 의미 근거로 이전 문구를 교정. 기존 원장은 별도 사유 없이 before/after와 상태만 있으므로 없는 과거 근거를 추정하지 않음.,C03,resource_audit.json 오류 0; 생성기/기존 테스트 결과는 검토결과.txt 참조,대기(검사하지 않음),미커밋 작업 트리
R1-20261005-arb-hi-settingsResetScheduleSharingFailed,2026-10-05,080ca5913dbe9787c15fa7d60baca95b805075ed,hi-IN,arb,settingsResetScheduleSharingFailed,C09,S03,스케줄은 초기화됐지만 이전 공유가 남아 있을 수 있어요. 앱 사용이 정상화되면 ‘일정공유 → 내 일정 공유하기’에서 ‘공유 중지’를 눌러 주세요.,"आपका शेड्यूल रीसेट हो गया, लेकिन पुराना शेयर किया गया शेड्यूल अभी दिख सकता है। ऐप फिर ठीक से काम करने लगे तो शेड्यूल शेयर करें → मेरा शेड्यूल शेयर करें → शेयर करना बंद करें पर जाएं।","शेड्यूल रीसेट हो गया, लेकिन पुराना शेड्यूल शेयर करना बंद नहीं हो सका। वह अभी दिख सकता है। अपना शेड्यूल फिर सेट करें और इंटरनेट से जुड़कर ShiftBell दोबारा खोलें, ताकि शेयर करना बंद करने की फिर कोशिश हो सके।",수정,중,비한국어에서 공유 메뉴는 숨김. 로컬 중지 의도 저장 실패와 앱 재실행 재시도를 안내.,lib/screens/settings_tab.dart:313,힌디어_문구원장_2026-10-05.csv: 문구 작성·의미 검토 / 레이아웃 미검증,위 코드 의미 근거로 이전 문구를 교정. 기존 원장은 별도 사유 없이 before/after와 상태만 있으므로 없는 과거 근거를 추정하지 않음.,C09,resource_audit.json 오류 0; 생성기/기존 테스트 결과는 검토결과.txt 참조,대기(검사하지 않음),미커밋 작업 트리
R1-20261005-arb-hi-alarmHistoryDeleteAllDesc,2026-10-05,080ca5913dbe9787c15fa7d60baca95b805075ed,hi-IN,arb,alarmHistoryDeleteAllDesc,C03,S11,모든 알람 이력이 삭제됩니다.,अलार्म का पूरा इतिहास हट जाएगा।,अलार्म का पूरा इतिहास और अलार्म बनने के रिकॉर्ड हट जाएंगे। इससे सेट किए गए अलार्म रद्द नहीं होंगे।,수정,중,이력/생성 로그 삭제와 알람 예약 취소를 명시적으로 구별.,lib/screens/all_alarms_history_view.dart:242,힌디어_문구원장_2026-10-05.csv: 문구 작성·의미 검토 / 레이아웃 미검증,위 코드 의미 근거로 이전 문구를 교정. 기존 원장은 별도 사유 없이 before/after와 상태만 있으므로 없는 과거 근거를 추정하지 않음.,C03,resource_audit.json 오류 0; 생성기/기존 테스트 결과는 검토결과.txt 참조,대기(검사하지 않음),미커밋 작업 트리
R1-20261005-arb-hi-helpAlarmSoundVolumeBody,2026-10-05,080ca5913dbe9787c15fa7d60baca95b805075ed,hi-IN,arb,helpAlarmSoundVolumeBody,C03,S09,"앱 자체 알람음 7종과 제조사 기본 알람음 중에서 고를 수 있어요. 기기마다 스피커 특성이 달라서 소리가 너무 작거나 클 수 있는데, 앱이 자동으로 볼륨을 보정하지만 그래도 안 맞으면 알람 설정에서 소리를 다른 걸로 바꿔보세요.","ऐप की 7 आवाज़ों या डिवाइस की सिस्टम अलार्म आवाज़ों में से चुन सकते हैं। हर डिवाइस का स्पीकर अलग होता है, इसलिए ऐप वॉल्यूम अपने आप समायोजित करता है। फिर भी आवाज़ ठीक न लगे तो अलार्म सेटिंग में दूसरी आवाज़ चुनें।","ऐप की 7 आवाज़ों या डिवाइस की डिफ़ॉल्ट अलार्म आवाज़ में से चुन सकते हैं। हर डिवाइस का स्पीकर अलग होता है, इसलिए ऐप वॉल्यूम अपने आप समायोजित करता है। फिर भी आवाज़ ठीक न लगे तो अलार्म सेटिंग में दूसरी आवाज़ चुनें।",수정,중,앱의 소리 선택지는 7개 내장음과 시스템 기본음 하나. 시스템 음원 목록 선택처럼 읽히는 복수형 교정.,lib/screens/help_screen.dart:109,힌디어_문구원장_2026-10-05.csv: 문구 작성·의미 검토 / 레이아웃 미검증,위 코드 의미 근거로 이전 문구를 교정. 기존 원장은 별도 사유 없이 before/after와 상태만 있으므로 없는 과거 근거를 추정하지 않음.,C03,resource_audit.json 오류 0; 생성기/기존 테스트 결과는 검토결과.txt 참조,대기(검사하지 않음),미커밋 작업 트리
R1-20261005-arb-hi-helpConditionWhatIsItBody,2026-10-05,080ca5913dbe9787c15fa7d60baca95b805075ed,hi-IN,arb,helpConditionWhatIsItBody,C13,S15,"내 근무 일정과 실제 수면 기록을 연결해서, 지금 시각을 기준으로 ""확인된 사실""(근무 사이 회복시간, 퇴근 후 실제 수면, 연속 야간·장시간 근무 등)과 ""추천 행동""(몇 시까지 잠자리에 들기, 카페인을 끊을 시각, 퇴근길 주의 등)을 보여주는 화면입니다. 점수로 상태를 매기지 않고, 수면 기록이 없거나 출퇴근 시각이 비어 있으면 그 한계를 ""판단 범위""로 따로 알려드려요. 건강 관련 기준과 조언은 수면의학·산업보건 분야의 연구 근거를 바탕으로 합니다.","इस स्क्रीन पर अनुमानित नींद की जांच कर सकते हैं, सोने का समय जोड़ सकते हैं और पुष्टि किए गए रिकॉर्ड देख सकते हैं। इसमें दर्ज समय और अवधि दिखती है। यह स्वास्थ्य स्कोर या चिकित्सा निदान नहीं देता। अपने आप बने अनुमान की पुष्टि करने से पहले उसे जांचें।","यह टैब सिर्फ कोरियाई भाषा में उपलब्ध है। इसमें शिफ्ट शेड्यूल और नींद के रिकॉर्ड को मिलाकर शिफ्टों के बीच आराम, काम के बाद की नींद और लगातार शिफ्टों की जानकारी दिखाई जाती है। मौजूदा समय के हिसाब से सुझाए गए काम भी दिखते हैं। स्वास्थ्य का कोई स्कोर नहीं दिया जाता। नींद के रिकॉर्ड या शिफ्ट के समय न होने पर आकलन की यह सीमा बताई जाती है।",수정,중,숨김 번역이 이전 기록 전용 화면을 설명. 현재 한국어 기능의 사실·행동·한계 설명과 제공 조건으로 교정.,lib/screens/help_screen.dart:175,힌디어_문구원장_2026-10-05.csv: 문구 작성·의미 검토 / 레이아웃 미검증,위 코드 의미 근거로 이전 문구를 교정. 기존 원장은 별도 사유 없이 before/after와 상태만 있으므로 없는 과거 근거를 추정하지 않음.,C13,resource_audit.json 오류 0; 생성기/기존 테스트 결과는 검토결과.txt 참조,대기(검사하지 않음),미커밋 작업 트리
R1-20261005-arb-hi-helpBackupRestoreBody,2026-10-05,080ca5913dbe9787c15fa7d60baca95b805075ed,hi-IN,arb,helpBackupRestoreBody,C08,S04,"앱을 지웠다가 다시 설치했다면, 첫 화면의 ""기존에 쓰시던 분이라면""에서 ""불러오기""를 눌러 백업 파일을 직접 골라 주세요. 파일은 Download/ShiftBell 폴더에 있어요.

다른 기기로 옮길 때는 이전 기기의 Download/ShiftBell 폴더에 있는 백업 파일을 새 기기로 먼저 복사해 두세요.

백업 파일은 직접 백업(manual)과 자동 백업(auto) 두 개만 남아요. 새로 만들면 같은 종류의 파일만 바뀌어서, 자동 백업이 직접 백업을 지우지 않아요.

복구가 끝나면 알림, 정확한 알람 같은 권한은 안전을 위해 다시 물어봐요.","पहली स्क्रीन या सेटिंग में ‘बैकअप से डेटा वापस लाएं’ चुनें। फिर Download/ShiftBell से बैकअप फ़ाइल चुनें। पहले उसके सेव होने का समय देखें: बैकअप का डेटा ऐप के मौजूदा डेटा की जगह लेगा।

दूसरे फ़ोन पर जाने के लिए पहले फ़ाइल उस फ़ोन पर कॉपी करें। डेटा वापस आने के बाद अपनी शिफ्ट, आने वाले अलार्म और अलार्म की अनुमतियां जांचें।","पहली स्क्रीन या सेटिंग में ‘बैकअप से डेटा वापस लाएं’ चुनें। फिर Download/ShiftBell से बैकअप फ़ाइल चुनें। पहले उसके सेव होने का समय देखें: यह आपके शेड्यूल, नोट, ओवरटाइम और बाकी सेव किए गए डेटा व सेटिंग की जगह लेगा।

अलार्म का इतिहास और अलार्म बनने के रिकॉर्ड बैकअप के रिकॉर्ड के साथ जोड़ दिए जाते हैं। अभी बज रहे या स्नूज़ किए गए अलार्म बने रहते हैं।

दूसरे फ़ोन पर जाने के लिए पहले फ़ाइल उस फ़ोन पर कॉपी करें। डेटा वापस आने के बाद अपनी शिफ्ट, आने वाले अलार्म और अलार्म की अनुमतियां जांचें।",수정,상,복원은 원본 교체·이력 병합·진행 중 알람 이월. 전부 교체 단정 및 재개시 무조건 덮어쓰기 단정 교정.,lib/screens/help_screen.dart:245,힌디어_문구원장_2026-10-05.csv: 문구 작성·의미 검토 / 레이아웃 미검증,위 코드 의미 근거로 이전 문구를 교정. 기존 원장은 별도 사유 없이 before/after와 상태만 있으므로 없는 과거 근거를 추정하지 않음.,C08,resource_audit.json 오류 0; 생성기/기존 테스트 결과는 검토결과.txt 참조,대기(검사하지 않음),미커밋 작업 트리
R1-20261005-arb-hi-teamEditRecreateHint,2026-10-05,080ca5913dbe9787c15fa7d60baca95b805075ed,hi-IN,arb,teamEditRecreateHint,C07,S08,전체근무표가 잘못 설정되어 각 조의 근무를 다시 입력해야 하는 경우,टीमों की शुरुआती स्थिति गलत चुनी हो तो यह विकल्प लें।,"टीमों की शुरुआती स्थिति, चक्र या साप्ताहिक शेड्यूल बदलने के लिए यह विकल्प लें।",수정,중,팀 표 다시 만들기는 위치뿐 아니라 개별 순환/요일 규칙 변경에도 필요.,lib/screens/team_schedule_edit_screen.dart:134,힌디어_문구원장_2026-10-05.csv: 문구 작성·의미 검토 / 레이아웃 미검증,위 코드 의미 근거로 이전 문구를 교정. 기존 원장은 별도 사유 없이 before/after와 상태만 있으므로 없는 과거 근거를 추정하지 않음.,C07,resource_audit.json 오류 0; 생성기/기존 테스트 결과는 검토결과.txt 참조,대기(검사하지 않음),미커밋 작업 트리
R1-20261005-android-en-alarm_snooze_label,2026-10-05,080ca5913dbe9787c15fa7d60baca95b805075ed,en-US/en-GB,android,alarm_snooze_label,C16,S06,5분 후,Snooze,Snooze 5 min,수정,중,스누즈 helper의 기본값과 모든 버튼 호출은 5분. 조작 전 간격을 알려주는 원문의 정보 복원.,android/app/src/main/res/layout/activity_alarm.xml:142,현지화_문구검토_2026-10-05.csv: retained,위 코드 의미 근거로 이전 문구를 교정. 기존 원장은 별도 사유 없이 before/after와 상태만 있으므로 없는 과거 근거를 추정하지 않음.,C16,resource_audit.json 오류 0; 생성기/기존 테스트 결과는 검토결과.txt 참조,대기(검사하지 않음),미커밋 작업 트리
R1-20261005-android-en-notif_restore_text,2026-10-05,080ca5913dbe9787c15fa7d60baca95b805075ed,en-US/en-GB,android,notif_restore_text,C16,S05,알람은 지금 데이터 기준으로 동작해요. 앱을 열어 복원을 마무리해 주세요.,Alarms are set using your current data. Open ShiftBell to finish restoring the backup.,"Open ShiftBell to finish restoring the backup, then check your upcoming alarms.",수정,상,실패 후 재조정도 실패 가능하며 native 중단 알림은 재예약 완료 전에 표시. 완료 단정 제거.,android/app/src/main/kotlin/com/hwani1103/shiftbell/RestoreGate.kt:130,현지화_문구검토_2026-10-05.csv: revised,위 코드 의미 근거로 이전 문구를 교정. 기존 원장은 별도 사유 없이 before/after와 상태만 있으므로 없는 과거 근거를 추정하지 않음.,C08/C16,resource_audit.json 오류 0; 생성기/기존 테스트 결과는 검토결과.txt 참조,대기(검사하지 않음),미커밋 작업 트리
R1-20261005-android-en-channel_ring_description,2026-10-05,080ca5913dbe9787c15fa7d60baca95b805075ed,en-US/en-GB,android,channel_ring_description,C16,S13,근무 시간 알림,Shift alarm notifications,Alarm notifications,수정,중,동일 울림 채널이 원터치 알람에도 쓰이므로 근무 알람 한정 제거.,android/app/src/main/kotlin/com/hwani1103/shiftbell/NotificationHelper.kt:144,현지화_문구검토_2026-10-05.csv: retained,위 코드 의미 근거로 이전 문구를 교정. 기존 원장은 별도 사유 없이 before/after와 상태만 있으므로 없는 과거 근거를 추정하지 않음.,C16,resource_audit.json 오류 0; 생성기/기존 테스트 결과는 검토결과.txt 참조,대기(검사하지 않음),미커밋 작업 트리
R1-20261005-android-pt-alarm_snooze_label,2026-10-05,080ca5913dbe9787c15fa7d60baca95b805075ed,pt-BR,android,alarm_snooze_label,C16,S06,5분 후,Adiar,Adiar 5 min,수정,중,스누즈 helper의 기본값과 모든 버튼 호출은 5분. 조작 전 간격을 알려주는 원문의 정보 복원.,android/app/src/main/res/layout/activity_alarm.xml:142,현지화_문구검토_2026-10-05.csv: retained,위 코드 의미 근거로 이전 문구를 교정. 기존 원장은 별도 사유 없이 before/after와 상태만 있으므로 없는 과거 근거를 추정하지 않음.,C16,resource_audit.json 오류 0; 생성기/기존 테스트 결과는 검토결과.txt 참조,대기(검사하지 않음),미커밋 작업 트리
R1-20261005-android-pt-notif_restore_text,2026-10-05,080ca5913dbe9787c15fa7d60baca95b805075ed,pt-BR,android,notif_restore_text,C16,S05,알람은 지금 데이터 기준으로 동작해요. 앱을 열어 복원을 마무리해 주세요.,Os alarmes estão agendados com seus dados atuais. Abra o ShiftBell para concluir a restauração.,Abra o ShiftBell para concluir a restauração e confira os próximos alarmes.,수정,상,실패 후 재조정도 실패 가능하며 native 중단 알림은 재예약 완료 전에 표시. 완료 단정 제거.,android/app/src/main/kotlin/com/hwani1103/shiftbell/RestoreGate.kt:130,현지화_문구검토_2026-10-05.csv: revised,위 코드 의미 근거로 이전 문구를 교정. 기존 원장은 별도 사유 없이 before/after와 상태만 있으므로 없는 과거 근거를 추정하지 않음.,C08/C16,resource_audit.json 오류 0; 생성기/기존 테스트 결과는 검토결과.txt 참조,대기(검사하지 않음),미커밋 작업 트리
R1-20261005-android-pt-channel_ring_description,2026-10-05,080ca5913dbe9787c15fa7d60baca95b805075ed,pt-BR,android,channel_ring_description,C16,S13,근무 시간 알림,Notificações de alarmes de turno,Notificações de alarmes,수정,중,동일 울림 채널이 원터치 알람에도 쓰이므로 근무 알람 한정 제거.,android/app/src/main/kotlin/com/hwani1103/shiftbell/NotificationHelper.kt:144,현지화_문구검토_2026-10-05.csv: retained,위 코드 의미 근거로 이전 문구를 교정. 기존 원장은 별도 사유 없이 before/after와 상태만 있으므로 없는 과거 근거를 추정하지 않음.,C16,resource_audit.json 오류 0; 생성기/기존 테스트 결과는 검토결과.txt 참조,대기(검사하지 않음),미커밋 작업 트리
R1-20261005-android-de-alarm_snooze_label,2026-10-05,080ca5913dbe9787c15fa7d60baca95b805075ed,de-DE,android,alarm_snooze_label,C16,S06,5분 후,Später,5 Min. später,수정,중,스누즈 helper의 기본값과 모든 버튼 호출은 5분. 조작 전 간격을 알려주는 원문의 정보 복원.,android/app/src/main/res/layout/activity_alarm.xml:142,현지화_문구검토_2026-10-05.csv: retained,위 코드 의미 근거로 이전 문구를 교정. 기존 원장은 별도 사유 없이 before/after와 상태만 있으므로 없는 과거 근거를 추정하지 않음.,C16,resource_audit.json 오류 0; 생성기/기존 테스트 결과는 검토결과.txt 참조,대기(검사하지 않음),미커밋 작업 트리
R1-20261005-android-de-notif_restore_text,2026-10-05,080ca5913dbe9787c15fa7d60baca95b805075ed,de-DE,android,notif_restore_text,C16,S05,알람은 지금 데이터 기준으로 동작해요. 앱을 열어 복원을 마무리해 주세요.,"Wecker sind anhand deiner aktuellen Daten gestellt. Öffne ShiftBell, um die Wiederherstellung abzuschließen.","Öffne ShiftBell, um die Wiederherstellung abzuschließen, und prüfe danach deine kommenden Wecker.",수정,상,실패 후 재조정도 실패 가능하며 native 중단 알림은 재예약 완료 전에 표시. 완료 단정 제거.,android/app/src/main/kotlin/com/hwani1103/shiftbell/RestoreGate.kt:130,현지화_문구검토_2026-10-05.csv: revised,위 코드 의미 근거로 이전 문구를 교정. 기존 원장은 별도 사유 없이 before/after와 상태만 있으므로 없는 과거 근거를 추정하지 않음.,C08/C16,resource_audit.json 오류 0; 생성기/기존 테스트 결과는 검토결과.txt 참조,대기(검사하지 않음),미커밋 작업 트리
R1-20261005-android-de-channel_ring_description,2026-10-05,080ca5913dbe9787c15fa7d60baca95b805075ed,de-DE,android,channel_ring_description,C16,S13,근무 시간 알림,Benachrichtigungen zu Schichtweckern,Weckerbenachrichtigungen,수정,중,동일 울림 채널이 원터치 알람에도 쓰이므로 근무 알람 한정 제거.,android/app/src/main/kotlin/com/hwani1103/shiftbell/NotificationHelper.kt:144,현지화_문구검토_2026-10-05.csv: revised,위 코드 의미 근거로 이전 문구를 교정. 기존 원장은 별도 사유 없이 before/after와 상태만 있으므로 없는 과거 근거를 추정하지 않음.,C16,resource_audit.json 오류 0; 생성기/기존 테스트 결과는 검토결과.txt 참조,대기(검사하지 않음),미커밋 작업 트리
R1-20261005-android-hi-alarm_snooze_label,2026-10-05,080ca5913dbe9787c15fa7d60baca95b805075ed,hi-IN,android,alarm_snooze_label,C16,S06,5분 후,स्नूज़ करें,5 मिनट बाद,수정,중,스누즈 helper의 기본값과 모든 버튼 호출은 5분. 조작 전 간격을 알려주는 원문의 정보 복원.,android/app/src/main/res/layout/activity_alarm.xml:142,힌디어_문구원장_2026-10-05.csv: 문구 작성 / 실기기 미검증,위 코드 의미 근거로 이전 문구를 교정. 기존 원장은 별도 사유 없이 before/after와 상태만 있으므로 없는 과거 근거를 추정하지 않음.,C16,resource_audit.json 오류 0; 생성기/기존 테스트 결과는 검토결과.txt 참조,대기(검사하지 않음),미커밋 작업 트리
R1-20261005-android-hi-notif_snoozed_title,2026-10-05,080ca5913dbe9787c15fa7d60baca95b805075ed,hi-IN,android,notif_snoozed_title,C16,S07,%1$s로 연장되었습니다,स्नूज़ किया गया · अगला अलार्म %1$s पर,स्नूज़ किया गया · फिर %1$s पर बजेगा,수정,중,스누즈 결과 시각은 해당 알람의 재울림 시각이며 더 이른 다른 알람이 있을 수 있음.,android/app/src/main/kotlin/com/hwani1103/shiftbell/NotificationHelper.kt:77,힌디어_문구원장_2026-10-05.csv: 문구 작성 / 실기기 미검증,위 코드 의미 근거로 이전 문구를 교정. 기존 원장은 별도 사유 없이 before/after와 상태만 있으므로 없는 과거 근거를 추정하지 않음.,C16,resource_audit.json 오류 0; 생성기/기존 테스트 결과는 검토결과.txt 참조,대기(검사하지 않음),미커밋 작업 트리
R1-20261005-android-hi-notif_restore_text,2026-10-05,080ca5913dbe9787c15fa7d60baca95b805075ed,hi-IN,android,notif_restore_text,C16,S05,알람은 지금 데이터 기준으로 동작해요. 앱을 열어 복원을 마무리해 주세요.,मौजूदा डेटा के अनुसार अलार्म सेट हैं। बैकअप से डेटा वापस लाना पूरा करने के लिए ShiftBell खोलें।,बैकअप से डेटा वापस लाना पूरा करने के लिए ShiftBell खोलें। फिर आने वाले अलार्म जांचें।,수정,상,실패 후 재조정도 실패 가능하며 native 중단 알림은 재예약 완료 전에 표시. 완료 단정 제거.,android/app/src/main/kotlin/com/hwani1103/shiftbell/RestoreGate.kt:130,힌디어_문구원장_2026-10-05.csv: 문구 작성 / 실기기 미검증,위 코드 의미 근거로 이전 문구를 교정. 기존 원장은 별도 사유 없이 before/after와 상태만 있으므로 없는 과거 근거를 추정하지 않음.,C08/C16,resource_audit.json 오류 0; 생성기/기존 테스트 결과는 검토결과.txt 참조,대기(검사하지 않음),미커밋 작업 트리
R1-20261005-android-hi-channel_ring_description,2026-10-05,080ca5913dbe9787c15fa7d60baca95b805075ed,hi-IN,android,channel_ring_description,C16,S13,근무 시간 알림,शिफ्ट के अलार्म की सूचनाएं,अलार्म की सूचनाएं,수정,중,동일 울림 채널이 원터치 알람에도 쓰이므로 근무 알람 한정 제거.,android/app/src/main/kotlin/com/hwani1103/shiftbell/NotificationHelper.kt:144,힌디어_문구원장_2026-10-05.csv: 문구 작성 / 실기기 미검증,위 코드 의미 근거로 이전 문구를 교정. 기존 원장은 별도 사유 없이 before/after와 상태만 있으므로 없는 과거 근거를 추정하지 않음.,C16,resource_audit.json 오류 0; 생성기/기존 테스트 결과는 검토결과.txt 참조,대기(검사하지 않음),미커밋 작업 트리
