검토 ID,날짜,기준 커밋,시작 기준,언어·지역,리소스,키,카드,이전 검토 ID,결정 ID,한국어 원문,이전 문구,제안 문구,채택 문구,결정,뜻·채택 또는 유지 이유,출처 ID,출처 URL·내부 근거,출처 확인일,근거 범위,기존 결정과 차이,연결 문구,코드 사용 위치,노출 검토 한계,2차 텍스트 검토,자동검증,화면검증,반영 커밋
R2-20261005-arb-de-settingsRestoreFromBackupDesc,2026-10-05,080ca5913dbe9787c15fa7d60baca95b805075ed,시작_리소스.json (1차 반영 미커밋 트리),de-DE,arb,settingsRestoreFromBackupDesc,C08,R1-20261005-arb-de-settingsRestoreFromBackupDesc,R2-DE02,다른 백업 파일로 지금 데이터를 덮어써요,Schichtplan und weitere gespeicherte Daten aus einer Sicherung ersetzen,Schichtplan und weitere gespeicherte Daten durch eine Sicherung ersetzen,Schichtplan und weitere gespeicherte Daten durch eine Sicherung ersetzen,채택,aus einer Sicherung이 교체 대상 데이터에 붙는 모호함을 durch로 제거. S04의 교체 범위와 상세 경고의 병합·진행 알람 예외는 보존한다.,DE3;LOCAL-C08,https://support.google.com/android/answer/2819582?hl=de | 의미검토_1차_2026-10-05/의미카드.txt#C08,2026-10-05,용어/어투 참고와 문맥 편집 판단. 개별 문장의 외부 실증이나 현지인 감수 아님.,1차 S04의 기능 의미 보존; 2차 표현 교정,settingsRestoreFromBackupWarningBody;settingsRestoreFromBackupConfirmBody;helpBackupRestoreBody,lib/screens/settings_tab.dart:733,기존 코드 문맥 참조; 실제 화면 확인 아님,독해 및 판정 완료,검토결과.txt 및 검증_명세.json 참조,미수행/대기,미커밋 작업 트리
R2-20261005-arb-de-helpStartScheduleTypesTitle,2026-10-05,080ca5913dbe9787c15fa7d60baca95b805075ed,시작_리소스.json (1차 반영 미커밋 트리),de-DE,arb,helpStartScheduleTypesTitle,C02,R1-20261005-arb-de-helpStartScheduleTypesTitle,R2-DE01,규칙적 근무 vs 불규칙 근무,Fester Zyklus oder wechselnde Schichten,Schichten mit oder ohne festen Zyklus,Schichten mit oder ohne festen Zyklus,채택,고정 순환에서도 Schichten가 wechseln한다. wechselnde와 fester Zyklus를 상반되는 선택지처럼 놓지 않고 반복 주기 유무로 표현한다.,DE1,https://www.papershift.com/lexikon/schichtplan,2026-10-05,용어/어투 참고와 문맥 편집 판단. 개별 문장의 외부 실증이나 현지인 감수 아님.,1차 C02의 기능 의미 보존; 2차 표현 교정,shiftRegularPattern;shiftIrregularPattern;onboardingFixedPatternQuestion;helpStartScheduleTypesBody,lib/screens/help_screen.dart:64,기존 코드 문맥 참조; 실제 화면 확인 아님,독해 및 판정 완료,검토결과.txt 및 검증_명세.json 참조,미수행/대기,미커밋 작업 트리
R2-20261005-arb-en-settingsRestoreFromBackupDesc,2026-10-05,080ca5913dbe9787c15fa7d60baca95b805075ed,시작_리소스.json (1차 반영 미커밋 트리),en-US/en-GB,arb,settingsRestoreFromBackupDesc,C08,R1-20261005-arb-en-settingsRestoreFromBackupDesc,R2-EN01,다른 백업 파일로 지금 데이터를 덮어써요,Replace your schedule and other saved data from a backup,Replace your schedule and other saved data with data from a backup,Replace your schedule and other saved data with data from a backup,채택,replace A with B 구문으로 현재 교체 대상과 백업 원본을 구별. S04 기능 의미는 바꾸지 않는다.,EN4;LOCAL-C08,https://support.google.com/android/answer/2819582?hl=en | 의미검토_1차_2026-10-05/의미카드.txt#C08,2026-10-05,용어/어투 참고와 문맥 편집 판단. 개별 문장의 외부 실증이나 현지인 감수 아님.,1차 S04의 기능 의미 보존; 2차 표현 교정,settingsRestoreFromBackupWarningBody;settingsRestoreFromBackupConfirmBody;helpBackupRestoreBody,lib/screens/settings_tab.dart:733,기존 코드 문맥 참조; 실제 화면 확인 아님,독해 및 판정 완료,검토결과.txt 및 검증_명세.json 참조,미수행/대기,미커밋 작업 트리
R2-20261005-arb-en-settingsResetScheduleSharingFailed,2026-10-05,080ca5913dbe9787c15fa7d60baca95b805075ed,시작_리소스.json (1차 반영 미커밋 트리),en-US/en-GB,arb,settingsResetScheduleSharingFailed,C09,R1-20261005-arb-en-settingsResetScheduleSharingFailed,R2-EN02,스케줄은 초기화됐지만 이전 공유가 남아 있을 수 있어요. 앱 사용이 정상화되면 ‘일정공유 → 내 일정 공유하기’에서 ‘공유 중지’를 눌러 주세요.,"Your schedule was reset, but stopping your old share failed. The old shared schedule may still be visible. Complete your schedule setup again, then reopen ShiftBell with an internet connection to retry stopping the share.","Your schedule was reset, but the app could not stop sharing your previous schedule. That schedule may still be visible. Complete your schedule setup again, then reopen ShiftBell with an internet connection to try to stop sharing it again.","Your schedule was reset, but the app could not stop sharing your previous schedule. That schedule may still be visible. Complete your schedule setup again, then reopen ShiftBell with an internet connection to try to stop sharing it again.",채택,old share라는 불명확한 명사를 기존 Stop Sharing과 같은 동사로 표현. S03의 온보딩 완료·연결·재실행 조건 및 미삭제 가능성 보존.,LOCAL-C09,의미검토_1차_2026-10-05/의미카드.txt#C09,2026-10-05,용어/어투 참고와 문맥 편집 판단. 개별 문장의 외부 실증이나 현지인 감수 아님.,1차 S03의 기능 의미 보존; 2차 표현 교정,friendStopSharing;friendStopPendingBanner;privacyFirebaseBody,lib/screens/settings_tab.dart:313,기존 코드 문맥 참조; 실제 화면 확인 아님,독해 및 판정 완료,검토결과.txt 및 검증_명세.json 참조,미수행/대기,미커밋 작업 트리
R2-20261005-arb-en-scheduleOutsideTeamsConfirm,2026-10-05,080ca5913dbe9787c15fa7d60baca95b805075ed,시작_리소스.json (1차 반영 미커밋 트리),en-US/en-GB,arb,scheduleOutsideTeamsConfirm,C07,R1-20261005-arb-en-scheduleOutsideTeamsConfirm,R2-EN03,선택한 위치는 전체 근무표의 어느 조와도 일치하지 않습니다. 계속하면 전체 근무표가 삭제되어 다시 설정해야 합니다. 근무 스케줄을 변경할까요?,"The selected position does not match any team in the full roster. Continuing will delete the full roster, and you will need to set it up again. Change your schedule?","The selected position does not match any team in the full team schedule. Continuing will delete the full team schedule, and you will need to set it up again. Change your schedule?","The selected position does not match any team in the full team schedule. Continuing will delete the full team schedule, and you will need to set it up again. Change your schedule?",채택,현장 rota/roster를 오역으로 취급하지 않고 이 앱의 연결 화면 full team schedule 명칭에 맞춤. 직접 호출 미발견 상태 유지.,EN2;LOCAL-C07,https://www.med.scot.nhs.uk/trainee-doctors/rota-information | 의미검토_1차_2026-10-05/의미카드.txt#C07,2026-10-05,용어/어투 참고와 문맥 편집 판단. 개별 문장의 외부 실증이나 현지인 감수 아님.,1차 C07의 기능 의미 보존; 2차 표현 교정,teamEditTitle;teamEditRecreateTitle;teamEditRecreateConfirm;teamRuleReview,직접 호출 미발견,1차 직접 호출 미발견; 실제 화면 확인 아님,독해 및 판정 완료,검토결과.txt 및 검증_명세.json 참조,미수행/대기,미커밋 작업 트리
R2-20261005-arb-hi-onboardingFixedPatternQuestion,2026-10-05,080ca5913dbe9787c15fa7d60baca95b805075ed,시작_리소스.json (1차 반영 미커밋 트리),hi-IN,arb,onboardingFixedPatternQuestion,C02,R1-20261005-arb-hi-onboardingFixedPatternQuestion,R2-HI02,고정적으로 순환하는 교대 근무인가요?,क्या आपकी शिफ्ट एक तय क्रम में दोहराती हैं?,क्या आपकी शिफ्ट एक तय क्रम में दोहराई जाती हैं?,क्या आपकी शिफ्ट एक तय क्रम में दोहराई जाती हैं?,채택,근무가 무엇을 반복한다는 타동 표현에서 근무가 반복된다는 수동 표현으로 교정. 순환 예시와 날짜 선택 동작 유지.,HI3;HI5;LOCAL-C02,https://support.google.com/clock/answer/2840926?hl=hi | https://support.google.com/calendar/answer/37115?hl=hi | 의미검토_1차_2026-10-05/의미카드.txt#C02,2026-10-05,용어/어투 참고와 문맥 편집 판단. 개별 문장의 외부 실증이나 현지인 감수 아님.,1차 C02의 기능 의미 보존; 2차 표현 교정,onboardingFixedPatternQuestion;onboardingPatternHowTo;helpStartOnboardingBody;helpStartScheduleTypesBody,직접 호출 미발견,1차 직접 호출 미발견; 실제 화면 확인 아님,독해 및 판정 완료,검토결과.txt 및 검증_명세.json 참조,미수행/대기,미커밋 작업 트리
R2-20261005-arb-hi-onboardingPatternHowTo,2026-10-05,080ca5913dbe9787c15fa7d60baca95b805075ed,시작_리소스.json (1차 반영 미커밋 트리),hi-IN,arb,onboardingPatternHowTo,C02,R1-20261005-arb-hi-onboardingPatternHowTo,R2-HI02,"정기적으로 순환하는 패턴을 한번만 완성해 주세요.
ex) 주간-주간-휴무-휴무-야간-야간-휴무-휴무","जिस क्रम में शिफ्ट दोहराती हैं, उसी क्रम में टैप करें।
जैसे: दिन, दिन, छुट्टी, छुट्टी, रात, रात, छुट्टी, छुट्टी।","जिस क्रम में शिफ्ट दोहराई जाती हैं, उसी क्रम में टैप करें।
जैसे: दिन, दिन, छुट्टी, छुट्टी, रात, रात, छुट्टी, छुट्टी।","जिस क्रम में शिफ्ट दोहराई जाती हैं, उसी क्रम में टैप करें।
जैसे: दिन, दिन, छुट्टी, छुट्टी, रात, रात, छुट्टी, छुट्टी।",채택,근무가 무엇을 반복한다는 타동 표현에서 근무가 반복된다는 수동 표현으로 교정. 순환 예시와 날짜 선택 동작 유지.,HI3;HI5;LOCAL-C02,https://support.google.com/clock/answer/2840926?hl=hi | https://support.google.com/calendar/answer/37115?hl=hi | 의미검토_1차_2026-10-05/의미카드.txt#C02,2026-10-05,용어/어투 참고와 문맥 편집 판단. 개별 문장의 외부 실증이나 현지인 감수 아님.,1차 C02의 기능 의미 보존; 2차 표현 교정,onboardingFixedPatternQuestion;onboardingPatternHowTo;helpStartOnboardingBody;helpStartScheduleTypesBody,lib/screens/onboarding_screen.dart:436,기존 코드 문맥 참조; 실제 화면 확인 아님,독해 및 판정 완료,검토결과.txt 및 검증_명세.json 참조,미수행/대기,미커밋 작업 트리
R2-20261005-arb-hi-helpStartOnboardingBody,2026-10-05,080ca5913dbe9787c15fa7d60baca95b805075ed,시작_리소스.json (1차 반영 미커밋 트리),hi-IN,arb,helpStartOnboardingBody,C02,R1-20261005-arb-hi-helpStartOnboardingBody,R2-HI02,"앱을 처음 열면 알림, 정확한 알람, 다른 앱 위에 표시 같은 권한을 차례로 안내해요. 잠금 화면에서도 알람이 정해진 시각에 울리려면 꼭 필요한 권한이라, 하나라도 거부하면 알람이 늦게 울리거나 아예 울리지 않을 수 있어요.

권한을 허용하고 나면 근무 스케줄을 만드는 화면으로 넘어가요.

기본 근무명은 주간·야간·오전·오후·휴무·연차예요. 쓰지 않는 이름은 ×로 지우고 + 추가로 새 이름을 만들 수 있어요. 첫 화면 아래에서 백업 데이터를 불러올 수도 있어요.","अलार्म ठीक से काम करें, इसके लिए सूचनाओं, सटीक अलार्म और दूसरे ऐप्स के ऊपर दिखाने की अनुमति दें। फिर चुनें कि आपकी शिफ्ट एक तय क्रम में दोहराती हैं या नहीं। शिफ्ट के नाम जोड़ें और ज़रूरत के अनुसार अलार्म सेट करें। अलार्म अभी छोड़कर बाद में सेटिंग से भी जोड़ सकते हैं।

जिन शिफ्ट नामों की ज़रूरत नहीं है, उन्हें × से हटाएं। नए नाम + जोड़ें से बनाएं। पहले ShiftBell इस्तेमाल किया है तो ‘बैकअप से डेटा वापस लाएं’ चुनकर अपनी बैकअप फ़ाइल खोलें।","अलार्म ठीक से काम करें, इसके लिए सूचनाओं, सटीक अलार्म और दूसरे ऐप्स के ऊपर दिखाने की अनुमति दें। फिर चुनें कि आपकी शिफ्ट एक तय क्रम में दोहराई जाती हैं या नहीं। शिफ्ट के नाम जोड़ें और ज़रूरत के अनुसार अलार्म सेट करें। अलार्म अभी छोड़कर बाद में सेटिंग से भी जोड़ सकते हैं।

जिन शिफ्ट नामों की ज़रूरत नहीं है, उन्हें × से हटाएं। नए नाम + जोड़ें से बनाएं। पहले ShiftBell इस्तेमाल किया है तो ‘बैकअप से डेटा वापस लाएं’ चुनकर अपनी बैकअप फ़ाइल खोलें।","अलार्म ठीक से काम करें, इसके लिए सूचनाओं, सटीक अलार्म और दूसरे ऐप्स के ऊपर दिखाने की अनुमति दें। फिर चुनें कि आपकी शिफ्ट एक तय क्रम में दोहराई जाती हैं या नहीं। शिफ्ट के नाम जोड़ें और ज़रूरत के अनुसार अलार्म सेट करें। अलार्म अभी छोड़कर बाद में सेटिंग से भी जोड़ सकते हैं।

जिन शिफ्ट नामों की ज़रूरत नहीं है, उन्हें × से हटाएं। नए नाम + जोड़ें से बनाएं। पहले ShiftBell इस्तेमाल किया है तो ‘बैकअप से डेटा वापस लाएं’ चुनकर अपनी बैकअप फ़ाइल खोलें।",채택,근무가 무엇을 반복한다는 타동 표현에서 근무가 반복된다는 수동 표현으로 교정. 순환 예시와 날짜 선택 동작 유지.,HI3;HI5;LOCAL-C02,https://support.google.com/clock/answer/2840926?hl=hi | https://support.google.com/calendar/answer/37115?hl=hi | 의미검토_1차_2026-10-05/의미카드.txt#C02,2026-10-05,용어/어투 참고와 문맥 편집 판단. 개별 문장의 외부 실증이나 현지인 감수 아님.,1차 C02의 기능 의미 보존; 2차 표현 교정,onboardingFixedPatternQuestion;onboardingPatternHowTo;helpStartOnboardingBody;helpStartScheduleTypesBody,lib/screens/help_screen.dart:61,기존 코드 문맥 참조; 실제 화면 확인 아님,독해 및 판정 완료,검토결과.txt 및 검증_명세.json 참조,미수행/대기,미커밋 작업 트리
R2-20261005-arb-hi-helpStartScheduleTypesTitle,2026-10-05,080ca5913dbe9787c15fa7d60baca95b805075ed,시작_리소스.json (1차 반영 미커밋 트리),hi-IN,arb,helpStartScheduleTypesTitle,C02,R1-20261005-arb-hi-helpStartScheduleTypesTitle,R2-HI03,규칙적 근무 vs 불규칙 근무,तय क्रम और बदलती शिफ्ट में अंतर,तय क्रम वाली और बिना तय क्रम वाली शिफ्ट,तय क्रम वाली और बिना तय क्रम वाली शिफ्ट,채택,바뀌는 근무도 고정 순환일 수 있으므로 तय क्रम 유무로 선택지를 명시. C02 의미를 보존한다.,HI5;LOCAL-C02,https://support.google.com/calendar/answer/37115?hl=hi | 의미검토_1차_2026-10-05/의미카드.txt#C02,2026-10-05,용어/어투 참고와 문맥 편집 판단. 개별 문장의 외부 실증이나 현지인 감수 아님.,1차 C02의 기능 의미 보존; 2차 표현 교정,onboardingIrregularChoiceDescription;helpStartScheduleTypesBody;helpShiftChangeShiftBody,lib/screens/help_screen.dart:64,기존 코드 문맥 참조; 실제 화면 확인 아님,독해 및 판정 완료,검토결과.txt 및 검증_명세.json 참조,미수행/대기,미커밋 작업 트리
R2-20261005-arb-hi-helpStartScheduleTypesBody,2026-10-05,080ca5913dbe9787c15fa7d60baca95b805075ed,시작_리소스.json (1차 반영 미커밋 트리),hi-IN,arb,helpStartScheduleTypesBody,C02,R1-20261005-arb-hi-helpStartScheduleTypesBody,R2-HI02,"근무 스케줄은 두 가지 방식으로 만들 수 있어요.

규칙적 근무는 ""주간-주간-야간-야간-비번-비번-휴무""처럼 정해진 패턴이 시작일부터 계속 반복되는 방식이에요. 패턴과 시작일만 정해 두면 이후 날짜는 앱이 알아서 채워 줘요.

불규칙 근무는 반복되는 패턴이 없어서 날짜마다 근무를 직접 정하는 방식이에요. 달력에서 날짜를 길게 눌러 하루 또는 여러 날의 근무를 지정할 수 있어요.","तय क्रम वाली शिफ्ट एक चक्र में दोहराती हैं, जैसे दिन, दिन, रात, रात, छुट्टी, छुट्टी। यह क्रम बनाएं और उसमें आज की स्थिति चुनें। ShiftBell आगे की तारीखें अपने आप भर देगा।

शिफ्ट का तय क्रम न हो तो तारीखों पर खुद शिफ्ट लगाएं। किसी तारीख को दबाकर रखें, दूसरी तारीखें भी चुनें और शिफ्ट पर टैप करें।","तय क्रम वाली शिफ्ट एक चक्र में दोहराई जाती हैं, जैसे दिन, दिन, रात, रात, छुट्टी, छुट्टी। यह क्रम बनाएं और उसमें आज की स्थिति चुनें। ShiftBell आगे की तारीखें अपने आप भर देगा।

शिफ्ट का तय क्रम न हो तो तारीखों पर खुद शिफ्ट लगाएं। किसी तारीख को दबाकर रखें, दूसरी तारीखें भी चुनें और शिफ्ट पर टैप करें।","तय क्रम वाली शिफ्ट एक चक्र में दोहराई जाती हैं, जैसे दिन, दिन, रात, रात, छुट्टी, छुट्टी। यह क्रम बनाएं और उसमें आज की स्थिति चुनें। ShiftBell आगे की तारीखें अपने आप भर देगा।

शिफ्ट का तय क्रम न हो तो तारीखों पर खुद शिफ्ट लगाएं। किसी तारीख को दबाकर रखें, दूसरी तारीखें भी चुनें और शिफ्ट पर टैप करें।",채택,근무가 무엇을 반복한다는 타동 표현에서 근무가 반복된다는 수동 표현으로 교정. 순환 예시와 날짜 선택 동작 유지.,HI3;HI5;LOCAL-C02,https://support.google.com/clock/answer/2840926?hl=hi | https://support.google.com/calendar/answer/37115?hl=hi | 의미검토_1차_2026-10-05/의미카드.txt#C02,2026-10-05,용어/어투 참고와 문맥 편집 판단. 개별 문장의 외부 실증이나 현지인 감수 아님.,1차 C02의 기능 의미 보존; 2차 표현 교정,onboardingFixedPatternQuestion;onboardingPatternHowTo;helpStartOnboardingBody;helpStartScheduleTypesBody,lib/screens/help_screen.dart:65,기존 코드 문맥 참조; 실제 화면 확인 아님,독해 및 판정 완료,검토결과.txt 및 검증_명세.json 참조,미수행/대기,미커밋 작업 트리
R2-20261005-arb-hi-helpShiftChangeShiftBody,2026-10-05,080ca5913dbe9787c15fa7d60baca95b805075ed,시작_리소스.json (1차 반영 미커밋 트리),hi-IN,arb,helpShiftChangeShiftBody,C02,R1-20261005-arb-hi-helpShiftChangeShiftBody,R2-HI03,"규칙적 근무든 불규칙 근무든, 특정 날짜만 원래 정해진 근무와 다르게 바꾸고 싶으면 달력에서 그 날짜를 길게 눌러 다른 근무로 다시 지정하면 됩니다. 바꾼 날의 알람은 새로 지정한 근무 기준으로 자동으로 다시 계산돼요.","तय क्रम हो या बदलती शिफ्ट, किसी भी तारीख की शिफ्ट अलग से बदल सकते हैं। कैलेंडर में तारीख को दबाकर रखें और दूसरी शिफ्ट चुनें। उस दिन के अलार्म नई शिफ्ट के हिसाब से अपने आप बदल जाएंगे।","शिफ्ट का तय क्रम हो या न हो, किसी भी तारीख की शिफ्ट अलग से बदल सकते हैं। कैलेंडर में तारीख को दबाकर रखें और दूसरी शिफ्ट चुनें। उस दिन के अलार्म नई शिफ्ट के हिसाब से अपने आप बदल जाएंगे।","शिफ्ट का तय क्रम हो या न हो, किसी भी तारीख की शिफ्ट अलग से बदल सकते हैं। कैलेंडर में तारीख को दबाकर रखें और दूसरी शिफ्ट चुनें। उस दिन के अलार्म नई शिफ्ट के हिसाब से अपने आप बदल जाएंगे।",채택,고정 순서 유무에 관계없이 날짜별 변경 가능하다는 기존 기능을 온보딩과 같은 어휘로 표현.,HI5;LOCAL-C02,https://support.google.com/calendar/answer/37115?hl=hi | 의미검토_1차_2026-10-05/의미카드.txt#C02,2026-10-05,용어/어투 참고와 문맥 편집 판단. 개별 문장의 외부 실증이나 현지인 감수 아님.,1차 C02의 기능 의미 보존; 2차 표현 교정,helpStartScheduleTypesTitle;onboardingIrregularChoiceDescription,lib/screens/help_screen.dart:79,기존 코드 문맥 참조; 실제 화면 확인 아님,독해 및 판정 완료,검토결과.txt 및 검증_명세.json 참조,미수행/대기,미커밋 작업 트리
R2-20261005-arb-hi-helpAlarmAlarmHistoryBody,2026-10-05,080ca5913dbe9787c15fa7d60baca95b805075ed,시작_리소스.json (1차 반영 미커밋 트리),hi-IN,arb,helpAlarmAlarmHistoryBody,C03,R1-20261005-arb-hi-helpAlarmAlarmHistoryBody,R2-HI04,"지금까지 울린 알람과 그 결과는 설정 → 알람 이력에서 볼 수 있어요.

5분 연장은 버튼을 누른 시점부터 5분 뒤에 다시 울리도록 예약합니다. 서머타임으로 시계가 바뀌어도 같습니다. 시계가 뒤로 돌아가 같은 시각이 두 번 오는 날에는 다음 알람과 이력에 ‘첫 번째 시각’ 또는 ‘두 번째 시각’을 표시합니다.","सेटिंग → अलार्म का इतिहास में हर अलार्म और उसका नतीजा देख सकते हैं।

स्नूज़ पर टैप करने के पांच मिनट बाद अलार्म फिर बजता है, भले ही इस बीच घड़ी का समय बदले। घड़ी पीछे होने से एक घंटा दो बार आए तो आने वाले अलार्म और इतिहास में ‘पहली बार’ और ‘दूसरी बार’ से दोनों समय अलग पहचाने जाते हैं।","सेटिंग → अलार्म का इतिहास में हर अलार्म और उसका नतीजा देख सकते हैं।

‘5 मिनट बाद’ (स्नूज़) पर टैप करने के पांच मिनट बाद अलार्म फिर बजता है, भले ही इस बीच घड़ी का समय बदले। घड़ी पीछे होने से एक घंटा दो बार आए तो आने वाले अलार्म और इतिहास में ‘पहली बार’ और ‘दूसरी बार’ से दोनों समय अलग पहचाने जाते हैं।","सेटिंग → अलार्म का इतिहास में हर अलार्म और उसका नतीजा देख सकते हैं।

‘5 मिनट बाद’ (स्नूज़) पर टैप करने के पांच मिनट बाद अलार्म फिर बजता है, भले ही इस बीच घड़ी का समय बदले। घड़ी पीछे होने से एक घंटा दो बार आए तो आने वाले अलार्म और इतिहास में ‘पहली बार’ और ‘दूसरी बार’ से दोनों समय अलग पहचाने जाते हैं।",채택,스누즈 동작을 실제 네이티브 화면 버튼 5 मिनट बाद와 연결. 5분/시간 변경/첫째·둘째 시각 설명 모두 유지.,HI3;LOCAL-C16,https://support.google.com/clock/answer/2840926?hl=hi | 의미검토_1차_2026-10-05/의미카드.txt#C16,2026-10-05,용어/어투 참고와 문맥 편집 판단. 개별 문장의 외부 실증이나 현지인 감수 아님.,1차 C03의 기능 의미 보존; 2차 표현 교정,android:alarm_snooze_label;android:notif_action_snooze;alarmSnooze5Min;dismissSnoozed5Min,lib/screens/help_screen.dart:117,기존 코드 문맥 참조; 실제 화면 확인 아님,독해 및 판정 완료,검토결과.txt 및 검증_명세.json 참조,미수행/대기,미커밋 작업 트리
