출처 ID,언어·지역,제목,URL,열람 방법,확인 문맥·채택 판단에 기여,한계,확인일
PT1,pt-BR,"HU Lauro Wanderley, Escala Sobreaviso Janeiro 2023",https://www.gov.br/hubrasil/pt-br/hospitais-universitarios/regiao-nordeste/hulw-ufpb/acesso-a-informacao/servidores/escalas-de-trabalho/escalas-de-sobreaviso/2023/tecnicos-janeiro-2023,PDF 본문 텍스트 열람,병원 월간 escala; 요일 및 sobreaviso의 일/야간 구별 확인. 표 추출 누락 부분은 근거에서 제외.,병원 표의 용례이며 모든 직종의 약어를 확정하지 않음,2026-10-05
PT2,pt-BR,"Ebserh POP.DGP.039, Escala de Sobreaviso",https://www.gov.br/hubrasil/pt-br/acesso-a-informacao/boletim-de-servico/sede/2025/anexos-2025/pop_dgp_039,PDF 본문 관련 절 열람,병원 대기근무 신청·운영에서 escala de sobreaviso와 plantão de sobreaviso를 구체적으로 명명.,근무 용어만 참고; 제도·급여 지원을 추가하지 않음,2026-10-05
PT3,pt-BR,"Ministério do Trabalho e Emprego, Perguntas Frequentes",https://www.gov.br/trabalho-e-emprego/pt-br/acesso-a-informacao/acoes-e-programas/programas-projetos-acoes-obras-e-atividades/proteja/duvidas-frequentes,HTML 관련 절 열람,"근로자 안내에서 turnos, folgas, férias, horas extras를 구별.",용어 참고; 법적 권리/수치를 앱에 적용하지 않음,2026-10-05
PT4,pt-BR,Google Clock Help,https://support.google.com/clock/answer/2840926?hl=pt-BR,HTML 열람,"alarme, adiar/soneca, parar 및 excluir를 조작별로 사용.",AI 번역 가능성 고지; 기본 10분을 앱에 이식하지 않음,2026-10-05
PT5,pt-BR,"Android, Como Fazer Backup e Formatar o Celular",https://www.android.com/intl/pt_br/articles/como-fazer-backup-e-restaurar-seu-celular/,HTML 열람,fazer backup/restaurar dados를 기기 변경·복원 문맥에서 사용.,클라우드 등 이 서비스 동작은 앱에 적용하지 않음,2026-10-05
DE1,de-DE,"Papershift, Schichtplan",https://www.papershift.com/lexikon/schichtplan,HTML 관련 절 열람,"Schichtplan, Früh-/Spät-/Nachtschicht 및 고정 Zyklus 안에서 rotieren하는 용례.",교대 일정 서비스의 용어 근거; 페이지의 법률 설명은 평가하지 않음,2026-10-05
DE2,de-DE,"Marburger Bund, 30 Minuten Eintreffzeit",https://www.marburger-bund.de/Eintreffzeit,HTML II절 열람,의료 근무 설명에서 Bereitschaftsdienst와 Rufbereitschaft를 구별.,2021년 설명의 용어만 참조; 현재 법률 적합성 판단 아님,2026-10-05
DE3,de-DE,"Google Android Help, Sichern/Wiederherstellen",https://support.google.com/android/answer/2819582?hl=de,HTML 열람,"데이터 sichern/wiederherstellen, Backup 용례.",개별 전치사 수정은 내부 경고와 문법 판단; 외부 감수 아님,2026-10-05
DE4,de-DE,Google Clock Help,https://support.google.com/clock/answer/2840926?hl=de,HTML 열람,"Wecker, Schlummern, Ausschalten, Löschen의 조작 구별.",Sie/du 혼용과 AI 가능성; 앱의 du 기준을 우선,2026-10-05
EN1,en-US,"CDC/NIOSH, Shiftwork, Long Work Hours, Fatigue",https://www.cdc.gov/niosh/learning/safetyculturehc/module-2/9.html,HTML 관련 문장 열람,미국 근무 교육 자료의 day/night/evening shifts 및 schedule.,의료 위험 수치를 앱 검증 근거로 사용하지 않음,2026-10-05
EN2,en-GB,"NHS Lothian, Rota Information",https://www.med.scot.nhs.uk/trainee-doctors/rota-information,HTML Working Patterns 및 leave 관련 절 열람,"Full Shift Rota/On Call Rota, working pattern, annual/study leave를 구별.",영국 의료 문맥을 공통 영어 전체에 강제하지 않음,2026-10-05
EN3,en,Google Clock Help,https://support.google.com/clock/answer/2840926?hl=en,HTML 열람,"alarm, snooze 및 stop/delete의 구별.",앱의 5분과 현재 알람 종료 범위를 우선,2026-10-05
EN4,en,"Google Android Help, Back up or restore data",https://support.google.com/android/answer/2819582?hl=en,HTML 열람,"back up 동사/backup 명사, restore data의 일반 앱 표현.",ShiftBell은 로컬 파일 백업이며 외부 서비스 동작을 약속하지 않음,2026-10-05
HI1,hi-IN,"AIIMS New Delhi, office memorandum 01 APR 2025",https://aiims.edu/images/pdf/notice/estab-3-4-25.pdf,로컬 PDF 렌더 후 1쪽 직접 독해,병원 직원의 शिफ्ट ड्यूटी와 대체 휴무 문맥. अवकाश/छुट्टी가 겹쳐 사용됨.,검색 발췌만이 아니라 스캔 원문 확인; 두 단어의 엄격한 배타성 근거로 쓰지 않음,2026-10-05
HI2,hi-IN,"Prasar Bharati, Akashvani rule book Appendix V",https://prasarbharati.gov.in/wp-content/uploads/2024/04/Apendix-V.pdf,로컬 PDF 렌더 후 인쇄 205·211쪽 직접 독해(PDF 25·37쪽),"방송 교대직 शिफ्ट ड्यूटी, साप्ताहिक छुट्टी, आकस्मिक अवकाश와 सामान्य ड्यूटी의 구별.",오래된 기관 규정의 용어 근거; 현재 인도 전체의 휴가 권리로 확대하지 않음,2026-10-05
HI3,hi-IN,Google Clock Help,https://support.google.com/clock/answer/2840926?hl=hi,HTML 열람,"अलार्म, स्नूज़, बंद करें, सेव करें 및 다시 울림 설명.",AI 번역 가능성 고지; 기본 10분 및 삭제 어휘를 강제하지 않음,2026-10-05
HI4,hi-IN,"Google Android Help, Backup/restore",https://support.google.com/android/answer/2819582?hl=hi,HTML 열람,"बैकअप लें, वापस पाना/लाना, रीस्टोर 공존.",표기 선호만으로 앱 전체를 바꾸지 않음,2026-10-05
HI5,hi-IN,"Google Calendar Help, recurring event",https://support.google.com/calendar/answer/37115?hl=hi,HTML 열람,반복 일정의 दोहराया … जाता와 사용자가 दोहराना하는 문맥을 구별.,수동형·일정 표현 참고; ShiftBell 기능은 C02를 우선,2026-10-05
