키,네 언어 공통 판정,근거·원인·조치,현재 호출 위치,실기기/레이아웃
alarmHistoryDeleteAllDesc,제공 기능 문맥 유지,키워드 일치만으로 삭제하지 않음. 알람/메모/복원/권한/업데이트의 실제 문맥 독해; 미제공 기능 사용 유도 없음,lib/screens/all_alarms_history_view.dart:242,미수행; 자동검사와 정적 판정만
alarmNoneRegistered,제공 기능 문맥 유지,키워드 일치만으로 삭제하지 않음. 알람/메모/복원/권한/업데이트의 실제 문맥 독해; 미제공 기능 사용 유도 없음,lib/screens/next_alarm_tab.dart:301,미수행; 자동검사와 정적 판정만
alarmNoneUpcoming,제공 기능 문맥 유지,키워드 일치만으로 삭제하지 않음. 알람/메모/복원/권한/업데이트의 실제 문맥 독해; 미제공 기능 사용 유도 없음,lib/screens/next_alarm_tab.dart:189,미수행; 자동검사와 정적 판정만
alarmRegistered,제공 기능 문맥 유지,키워드 일치만으로 삭제하지 않음. 알람/메모/복원/권한/업데이트의 실제 문맥 독해; 미제공 기능 사용 유도 없음,lib/screens/next_alarm_tab.dart:265,미수행; 자동검사와 정적 판정만
alarmSchedulePartialFailed,제공 기능 문맥 유지,키워드 일치만으로 삭제하지 않음. 알람/메모/복원/권한/업데이트의 실제 문맥 독해; 미제공 기능 사용 유도 없음,lib/screens/calendar_tab.dart:6514,미수행; 자동검사와 정적 판정만
backupRestoreIncompleteToast,제공 기능 문맥 유지,키워드 일치만으로 삭제하지 않음. 알람/메모/복원/권한/업데이트의 실제 문맥 독해; 미제공 기능 사용 유도 없음,lib/screens/restore_interrupted_screen.dart:45; lib/screens/restore_progress_screen.dart:54,미수행; 자동검사와 정적 판정만
calendarAutoGeneratedWithinDays,제공 기능 문맥 유지,키워드 일치만으로 삭제하지 않음. 알람/메모/복원/권한/업데이트의 실제 문맥 독해; 미제공 기능 사용 유도 없음,lib/screens/calendar_tab.dart:5749,미수행; 자동검사와 정적 판정만
calendarFriendQuickAccessLabel,현재 비생성 Dart 참조 없음,전수 키 참조 검색; 실제 화면 통과로 계산하지 않음,,미수행; 자동검사와 정적 판정만
commonShare,제공 기능 문맥 유지,키워드 일치만으로 삭제하지 않음. 알람/메모/복원/권한/업데이트의 실제 문맥 독해; 미제공 기능 사용 유도 없음,lib/screens/my_share_code_screen.dart:385,미수행; 자동검사와 정적 판정만
customAlarmAssignHint,한국어 전용 생성/편집 경로,calendar_tab.dart 원터치 진입·패널·날짜별 목록 차단. 신규 외국어 설치에서 이 종류 알람 생성 경로 없음; 이관 예외 UI 추가 안 함,lib/screens/calendar_tab.dart:3452,미수행; 자동검사와 정적 판정만
customAlarmDeleteConfirm,한국어 전용 생성/편집 경로,calendar_tab.dart 원터치 진입·패널·날짜별 목록 차단. 신규 외국어 설치에서 이 종류 알람 생성 경로 없음; 이관 예외 UI 추가 안 함,lib/widgets/custom_alarm_widgets.dart:269,미수행; 자동검사와 정적 판정만
customAlarmDeleted,한국어 전용 생성/편집 경로,calendar_tab.dart 원터치 진입·패널·날짜별 목록 차단. 신규 외국어 설치에서 이 종류 알람 생성 경로 없음; 이관 예외 UI 추가 안 함,lib/widgets/custom_alarm_widgets.dart:296,미수행; 자동검사와 정적 판정만
customAlarmDuplicate,현재 비생성 Dart 참조 없음,전수 키 참조 검색; 실제 화면 통과로 계산하지 않음,,미수행; 자동검사와 정적 판정만
customAlarmEditTooltip,한국어 전용 생성/편집 경로,calendar_tab.dart 원터치 진입·패널·날짜별 목록 차단. 신규 외국어 설치에서 이 종류 알람 생성 경로 없음; 이관 예외 UI 추가 안 함,lib/widgets/custom_alarm_preset_panel.dart:133,미수행; 자동검사와 정적 판정만
customAlarmEditorDesc,현재 비생성 Dart 참조 없음,전수 키 참조 검색; 실제 화면 통과로 계산하지 않음,,미수행; 자동검사와 정적 판정만
customAlarmEditorTitle,현재 비생성 Dart 참조 없음,전수 키 참조 검색; 실제 화면 통과로 계산하지 않음,,미수행; 자동검사와 정적 판정만
customAlarmLabel,한국어 전용 생성/편집 경로,calendar_tab.dart 원터치 진입·패널·날짜별 목록 차단. 신규 외국어 설치에서 이 종류 알람 생성 경로 없음; 이관 예외 UI 추가 안 함,lib/screens/all_alarms_history_view.dart:426; lib/screens/calendar_tab.dart:685; lib/screens/next_alarm_tab.dart:425; lib/screens/next_alarm_tab.dart:799; lib/widgets/calendar_header_actions.dart:71; lib/widgets/custom_alarm_widgets.dart:239,미수행; 자동검사와 정적 판정만
customAlarmOutsideWindow,한국어 전용 생성/편집 경로,calendar_tab.dart 원터치 진입·패널·날짜별 목록 차단. 신규 외국어 설치에서 이 종류 알람 생성 경로 없음; 이관 예외 UI 추가 안 함,lib/widgets/custom_alarm_widgets.dart:52,미수행; 자동검사와 정적 판정만
customAlarmPast,한국어 전용 생성/편집 경로,calendar_tab.dart 원터치 진입·패널·날짜별 목록 차단. 신규 외국어 설치에서 이 종류 알람 생성 경로 없음; 이관 예외 UI 추가 안 함,lib/widgets/custom_alarm_widgets.dart:50,미수행; 자동검사와 정적 판정만
customAlarmScheduleFailed,한국어 전용 생성/편집 경로,calendar_tab.dart 원터치 진입·패널·날짜별 목록 차단. 신규 외국어 설치에서 이 종류 알람 생성 경로 없음; 이관 예외 UI 추가 안 함,lib/widgets/custom_alarm_widgets.dart:68,미수행; 자동검사와 정적 판정만
customAlarmScheduledOn,현재 비생성 Dart 참조 없음,전수 키 참조 검색; 실제 화면 통과로 계산하지 않음,,미수행; 자동검사와 정적 판정만
customAlarmScheduledSoon,현재 비생성 Dart 참조 없음,전수 키 참조 검색; 실제 화면 통과로 계산하지 않음,,미수행; 자동검사와 정적 판정만
customAlarmScheduledToday,현재 비생성 Dart 참조 없음,전수 키 참조 검색; 실제 화면 통과로 계산하지 않음,,미수행; 자동검사와 정적 판정만
customAlarmSlotClear,현재 비생성 Dart 참조 없음,전수 키 참조 검색; 실제 화면 통과로 계산하지 않음,,미수행; 자동검사와 정적 판정만
customAlarmSlotEmpty,한국어 전용 생성/편집 경로,calendar_tab.dart 원터치 진입·패널·날짜별 목록 차단. 신규 외국어 설치에서 이 종류 알람 생성 경로 없음; 이관 예외 UI 추가 안 함,lib/widgets/custom_alarm_widgets.dart:70,미수행; 자동검사와 정적 판정만
customAlarmUndo,현재 비생성 Dart 참조 없음,전수 키 참조 검색; 실제 화면 통과로 계산하지 않음,,미수행; 자동검사와 정적 판정만
fixedAlarmSkippedByOneTap,제공 기능만 남기도록 수정,충돌한 알람의 미제공 생성 기능을 광고하지 않고 기존 알람과 같은 시각이라 근무 알람을 건너뛰었다는 결과만 설명.,lib/screens/calendar_tab.dart:6515; lib/screens/calendar_tab.dart:6522; lib/screens/settings_tab.dart:1322; lib/utils/apply_schedule_change.dart:128,미수행; 자동검사와 정적 판정만
friendAdd,한국어 전용 앱 경로,calendar_tab.dart 진입 차단; friend_list/my_share_code/friend_calendar_view 언어 재검사. web_main의 공개 웹 뷰어는 앱 제공 기능과 구분,lib/screens/friend_list_screen.dart:199; lib/screens/friend_list_screen.dart:66,미수행; 자동검사와 정적 판정만
friendAddedToast,한국어 전용 앱 경로,calendar_tab.dart 진입 차단; friend_list/my_share_code/friend_calendar_view 언어 재검사. web_main의 공개 웹 뷰어는 앱 제공 기능과 구분,lib/screens/friend_list_screen.dart:119,미수행; 자동검사와 정적 판정만
friendCanCheckAnytime,현재 비생성 Dart 참조 없음,전수 키 참조 검색; 실제 화면 통과로 계산하지 않음,,미수행; 자동검사와 정적 판정만
friendCodeCopied,한국어 전용 앱 경로,calendar_tab.dart 진입 차단; friend_list/my_share_code/friend_calendar_view 언어 재검사. web_main의 공개 웹 뷰어는 앱 제공 기능과 구분,lib/screens/my_share_code_screen.dart:361,미수행; 자동검사와 정적 판정만
friendConnectionFailed,한국어 전용 앱 경로,calendar_tab.dart 진입 차단; friend_list/my_share_code/friend_calendar_view 언어 재검사. web_main의 공개 웹 뷰어는 앱 제공 기능과 구분,lib/screens/my_share_code_screen.dart:351,미수행; 자동검사와 정적 판정만
friendCouldNotLoad,한국어 전용 앱 경로,calendar_tab.dart 진입 차단; friend_list/my_share_code/friend_calendar_view 언어 재검사. web_main의 공개 웹 뷰어는 앱 제공 기능과 구분,lib/web_main.dart:531,미수행; 자동검사와 정적 판정만
friendDefaultDisplayName,한국어 전용 앱 경로,calendar_tab.dart 진입 차단; friend_list/my_share_code/friend_calendar_view 언어 재검사. web_main의 공개 웹 뷰어는 앱 제공 기능과 구분,lib/screens/friend_list_screen.dart:239; lib/utils/friend_open_util.dart:57; lib/widgets/friend_web_calendar.dart:92,미수행; 자동검사와 정적 판정만
friendDisplayNameTitle,한국어 전용 앱 경로,calendar_tab.dart 진입 차단; friend_list/my_share_code/friend_calendar_view 언어 재검사. web_main의 공개 웹 뷰어는 앱 제공 기능과 구분,lib/screens/my_share_code_screen.dart:303,미수행; 자동검사와 정적 판정만
friendDisplayNameUpdateFailed,한국어 전용 앱 경로,calendar_tab.dart 진입 차단; friend_list/my_share_code/friend_calendar_view 언어 재검사. web_main의 공개 웹 뷰어는 앱 제공 기능과 구분,lib/screens/my_share_code_screen.dart:108,미수행; 자동검사와 정적 판정만
friendDisplayNameUpdated,한국어 전용 앱 경로,calendar_tab.dart 진입 차단; friend_list/my_share_code/friend_calendar_view 언어 재검사. web_main의 공개 웹 뷰어는 앱 제공 기능과 구분,lib/screens/my_share_code_screen.dart:98,미수행; 자동검사와 정적 판정만
friendEnterDisplayName,한국어 전용 앱 경로,calendar_tab.dart 진입 차단; friend_list/my_share_code/friend_calendar_view 언어 재검사. web_main의 공개 웹 뷰어는 앱 제공 기능과 구분,lib/screens/my_share_code_screen.dart:314,미수행; 자동검사와 정적 판정만
friendEnterDisplayNameError,한국어 전용 앱 경로,calendar_tab.dart 진입 차단; friend_list/my_share_code/friend_calendar_view 언어 재검사. web_main의 공개 웹 뷰어는 앱 제공 기능과 구분,lib/screens/my_share_code_screen.dart:117,미수행; 자동검사와 정적 판정만
friendEnterShareCode,한국어 전용 앱 경로,calendar_tab.dart 진입 차단; friend_list/my_share_code/friend_calendar_view 언어 재검사. web_main의 공개 웹 뷰어는 앱 제공 기능과 구분,lib/screens/friend_list_screen.dart:207,미수행; 자동검사와 정적 판정만
friendInstallApp,한국어 전용 앱 경로,calendar_tab.dart 진입 차단; friend_list/my_share_code/friend_calendar_view 언어 재검사. web_main의 공개 웹 뷰어는 앱 제공 기능과 구분,lib/widgets/friend_web_calendar.dart:183; lib/widgets/friend_web_calendar.dart:354,미수행; 자동검사와 정적 판정만
friendInstallForHomeScreen,현재 비생성 Dart 참조 없음,전수 키 참조 검색; 실제 화면 통과로 계산하지 않음,,미수행; 자동검사와 정적 판정만
friendInstallShortcutHint,한국어 전용 앱 경로,calendar_tab.dart 진입 차단; friend_list/my_share_code/friend_calendar_view 언어 재검사. web_main의 공개 웹 뷰어는 앱 제공 기능과 구분,lib/screens/my_share_code_screen.dart:372,미수행; 자동검사와 정적 판정만
friendInvalidCodeOrDuplicate,한국어 전용 앱 경로,calendar_tab.dart 진입 차단; friend_list/my_share_code/friend_calendar_view 언어 재검사. web_main의 공개 웹 뷰어는 앱 제공 기능과 구분,lib/screens/friend_list_screen.dart:120,미수행; 자동검사와 정적 판정만
friendLastSyncedAt,한국어 전용 앱 경로,calendar_tab.dart 진입 차단; friend_list/my_share_code/friend_calendar_view 언어 재검사. web_main의 공개 웹 뷰어는 앱 제공 기능과 구분,lib/widgets/friend_web_calendar.dart:134,미수행; 자동검사와 정적 판정만
friendLinkCopied,한국어 전용 앱 경로,calendar_tab.dart 진입 차단; friend_list/my_share_code/friend_calendar_view 언어 재검사. web_main의 공개 웹 뷰어는 앱 제공 기능과 구분,lib/screens/my_share_code_screen.dart:370,미수행; 자동검사와 정적 판정만
friendLinkMissingCode,한국어 전용 앱 경로,calendar_tab.dart 진입 차단; friend_list/my_share_code/friend_calendar_view 언어 재검사. web_main의 공개 웹 뷰어는 앱 제공 기능과 구분,lib/web_main.dart:451,미수행; 자동검사와 정적 판정만
friendLoadFailedCheckNetwork,한국어 전용 앱 경로,calendar_tab.dart 진입 차단; friend_list/my_share_code/friend_calendar_view 언어 재검사. web_main의 공개 웹 뷰어는 앱 제공 기능과 구분,lib/screens/friend_list_screen.dart:255; lib/utils/friend_open_util.dart:46,미수행; 자동검사와 정적 판정만
friendLoadFailedDetailed,한국어 전용 앱 경로,calendar_tab.dart 진입 차단; friend_list/my_share_code/friend_calendar_view 언어 재검사. web_main의 공개 웹 뷰어는 앱 제공 기능과 구분,lib/screens/friend_list_screen.dart:265; lib/utils/friend_open_util.dart:37; lib/web_main.dart:456,미수행; 자동검사와 정적 판정만
friendMyShareCode,한국어 전용 앱 경로,calendar_tab.dart 진입 차단; friend_list/my_share_code/friend_calendar_view 언어 재검사. web_main의 공개 웹 뷰어는 앱 제공 기능과 구분,lib/screens/my_share_code_screen.dart:359,미수행; 자동검사와 정적 판정만
friendName,한국어 전용 앱 경로,calendar_tab.dart 진입 차단; friend_list/my_share_code/friend_calendar_view 언어 재검사. web_main의 공개 웹 뷰어는 앱 제공 기능과 구분,lib/screens/friend_calendar_view.dart:13; lib/screens/friend_calendar_view.dart:22; lib/screens/friend_calendar_view.dart:34; lib/screens/friend_list_screen.dart:73; lib/utils/friend_open_util.dart:69; lib/web_main.dart:494; lib/widgets/friend_web_calendar.dart:20; lib/widgets/friend_web_calendar.dart:31; lib/widgets/friend_web_calendar.dart:91; lib/widgets/friend_web_calendar.dart:93,미수행; 자동검사와 정적 판정만
friendNameHintExample,한국어 전용 앱 경로,calendar_tab.dart 진입 차단; friend_list/my_share_code/friend_calendar_view 언어 재검사. web_main의 공개 웹 뷰어는 앱 제공 기능과 구분,lib/screens/friend_list_screen.dart:79,미수행; 자동검사와 정적 판정만
friendNameOptionalHint,한국어 전용 앱 경로,calendar_tab.dart 진입 차단; friend_list/my_share_code/friend_calendar_view 언어 재검사. web_main의 공개 웹 뷰어는 앱 제공 기능과 구분,lib/screens/friend_list_screen.dart:73,미수행; 자동검사와 정적 판정만
friendNoneAddedYet,한국어 전용 앱 경로,calendar_tab.dart 진입 차단; friend_list/my_share_code/friend_calendar_view 언어 재검사. web_main의 공개 웹 뷰어는 앱 제공 기능과 구분,lib/screens/friend_list_screen.dart:222,미수행; 자동검사와 정적 판정만
friendOpenInBrowserHint,한국어 전용 앱 경로,calendar_tab.dart 진입 차단; friend_list/my_share_code/friend_calendar_view 언어 재검사. web_main의 공개 웹 뷰어는 앱 제공 기능과 구분,lib/widgets/friend_web_calendar.dart:151,미수행; 자동검사와 정적 판정만
friendQuickInstallButton,한국어 전용 앱 경로,calendar_tab.dart 진입 차단; friend_list/my_share_code/friend_calendar_view 언어 재검사. web_main의 공개 웹 뷰어는 앱 제공 기능과 구분,lib/widgets/friend_web_calendar.dart:167; lib/widgets/friend_web_calendar.dart:219,미수행; 자동검사와 정적 판정만
friendQuickInstallHint,한국어 전용 앱 경로,calendar_tab.dart 진입 차단; friend_list/my_share_code/friend_calendar_view 언어 재검사. web_main의 공개 웹 뷰어는 앱 제공 기능과 구분,lib/widgets/friend_web_calendar.dart:153,미수행; 자동검사와 정적 판정만
friendRemove,한국어 전용 앱 경로,calendar_tab.dart 진입 차단; friend_list/my_share_code/friend_calendar_view 언어 재검사. web_main의 공개 웹 뷰어는 앱 제공 기능과 구분,lib/screens/friend_list_screen.dart:278,미수행; 자동검사와 정적 판정만
friendRemoveConfirm,한국어 전용 앱 경로,calendar_tab.dart 진입 차단; friend_list/my_share_code/friend_calendar_view 언어 재검사. web_main의 공개 웹 뷰어는 앱 제공 기능과 구분,lib/screens/friend_list_screen.dart:280,미수행; 자동검사와 정적 판정만
friendRestartSharingHint,한국어 전용 앱 경로,calendar_tab.dart 진입 차단; friend_list/my_share_code/friend_calendar_view 언어 재검사. web_main의 공개 웹 뷰어는 앱 제공 기능과 구분,lib/screens/my_share_code_screen.dart:166,미수행; 자동검사와 정적 판정만
friendRetrySync,한국어 전용 앱 경로,calendar_tab.dart 진입 차단; friend_list/my_share_code/friend_calendar_view 언어 재검사. web_main의 공개 웹 뷰어는 앱 제공 기능과 구분,lib/screens/my_share_code_screen.dart:247,미수행; 자동검사와 정적 판정만
friendScheduleNotSet,한국어 전용 앱 경로,calendar_tab.dart 진입 차단; friend_list/my_share_code/friend_calendar_view 언어 재검사. web_main의 공개 웹 뷰어는 앱 제공 기능과 구분,lib/screens/my_share_code_screen.dart:131,미수행; 자동검사와 정적 판정만
friendScheduleOf,한국어 전용 앱 경로,calendar_tab.dart 진입 차단; friend_list/my_share_code/friend_calendar_view 언어 재검사. web_main의 공개 웹 뷰어는 앱 제공 기능과 구분,lib/screens/friend_list_screen.dart:245; lib/widgets/friend_web_calendar.dart:94,미수행; 자동검사와 정적 판정만
friendServerNotReady,한국어 전용 앱 경로,calendar_tab.dart 진입 차단; friend_list/my_share_code/friend_calendar_view 언어 재검사. web_main의 공개 웹 뷰어는 앱 제공 기능과 구분,lib/screens/my_share_code_screen.dart:123,미수행; 자동검사와 정적 판정만
friendShareChannelsExplainer,한국어 전용 앱 경로,calendar_tab.dart 진입 차단; friend_list/my_share_code/friend_calendar_view 언어 재검사. web_main의 공개 웹 뷰어는 앱 제공 기능과 구분,lib/screens/friend_list_screen.dart:190,미수행; 자동검사와 정적 판정만
friendShareCodeFromFriend,한국어 전용 앱 경로,calendar_tab.dart 진입 차단; friend_list/my_share_code/friend_calendar_view 언어 재검사. web_main의 공개 웹 뷰어는 앱 제공 기능과 구분,lib/screens/friend_list_screen.dart:87,미수행; 자동검사와 정적 판정만
friendShareCodeInstructions,한국어 전용 앱 경로,calendar_tab.dart 진입 차단; friend_list/my_share_code/friend_calendar_view 언어 재검사. web_main의 공개 웹 뷰어는 앱 제공 기능과 구분,lib/screens/my_share_code_screen.dart:364,미수행; 자동검사와 정적 판정만
friendShareExcludesExtras,한국어 전용 앱 경로,calendar_tab.dart 진입 차단; friend_list/my_share_code/friend_calendar_view 언어 재검사. web_main의 공개 웹 뷰어는 앱 제공 기능과 구분,lib/screens/my_share_code_screen.dart:299,미수행; 자동검사와 정적 판정만
friendShareIncludesSchedule,한국어 전용 앱 경로,calendar_tab.dart 진입 차단; friend_list/my_share_code/friend_calendar_view 언어 재검사. web_main의 공개 웹 뷰어는 앱 제공 기능과 구분,lib/screens/my_share_code_screen.dart:299,미수행; 자동검사와 정적 판정만
friendShareLinkHint,한국어 전용 앱 경로,calendar_tab.dart 진입 차단; friend_list/my_share_code/friend_calendar_view 언어 재검사. web_main의 공개 웹 뷰어는 앱 제공 기능과 구분,lib/screens/my_share_code_screen.dart:376,미수행; 자동검사와 정적 판정만
friendShareMessage,한국어 전용 앱 경로,calendar_tab.dart 진입 차단; friend_list/my_share_code/friend_calendar_view 언어 재검사. web_main의 공개 웹 뷰어는 앱 제공 기능과 구분,lib/screens/my_share_code_screen.dart:277,미수행; 자동검사와 정적 판정만
friendShareMyScheduleTitle,한국어 전용 앱 경로,calendar_tab.dart 진입 차단; friend_list/my_share_code/friend_calendar_view 언어 재검사. web_main의 공개 웹 뷰어는 앱 제공 기능과 구분,lib/screens/friend_list_screen.dart:182; lib/screens/my_share_code_screen.dart:285,미수행; 자동검사와 정적 판정만
friendShareTitle,한국어 전용 앱 경로,calendar_tab.dart 진입 차단; friend_list/my_share_code/friend_calendar_view 언어 재검사. web_main의 공개 웹 뷰어는 앱 제공 기능과 구분,lib/screens/calendar_tab.dart:1178; lib/screens/friend_calendar_view.dart:46; lib/screens/friend_list_screen.dart:159; lib/web_main.dart:212,미수행; 자동검사와 정적 판정만
friendShareWithoutApp,한국어 전용 앱 경로,calendar_tab.dart 진입 차단; friend_list/my_share_code/friend_calendar_view 언어 재검사. web_main의 공개 웹 뷰어는 앱 제공 기능과 구분,lib/screens/my_share_code_screen.dart:368,미수행; 자동검사와 정적 판정만
friendShowingCachedSchedule,한국어 전용 앱 경로,calendar_tab.dart 진입 차단; friend_list/my_share_code/friend_calendar_view 언어 재검사. web_main의 공개 웹 뷰어는 앱 제공 기능과 구분,lib/screens/friend_list_screen.dart:257; lib/utils/friend_open_util.dart:52,미수행; 자동검사와 정적 판정만
friendStartSharing,한국어 전용 앱 경로,calendar_tab.dart 진입 차단; friend_list/my_share_code/friend_calendar_view 언어 재검사. web_main의 공개 웹 뷰어는 앱 제공 기능과 구분,lib/screens/my_share_code_screen.dart:333,미수행; 자동검사와 정적 판정만
friendStartSharingFailed,한국어 전용 앱 경로,calendar_tab.dart 진입 차단; friend_list/my_share_code/friend_calendar_view 언어 재검사. web_main의 공개 웹 뷰어는 앱 제공 기능과 구분,lib/screens/my_share_code_screen.dart:142,미수행; 자동검사와 정적 판정만
friendStopPendingBanner,한국어 전용 앱 경로,calendar_tab.dart 진입 차단; friend_list/my_share_code/friend_calendar_view 언어 재검사. web_main의 공개 웹 뷰어는 앱 제공 기능과 구분,lib/screens/my_share_code_screen.dart:216,미수행; 자동검사와 정적 판정만
friendStopSharing,한국어 전용 앱 경로,calendar_tab.dart 진입 차단; friend_list/my_share_code/friend_calendar_view 언어 재검사. web_main의 공개 웹 뷰어는 앱 제공 기능과 구분,lib/screens/my_share_code_screen.dart:164; lib/screens/my_share_code_screen.dart:404,미수행; 자동검사와 정적 판정만
friendStopSharingAction,한국어 전용 앱 경로,calendar_tab.dart 진입 차단; friend_list/my_share_code/friend_calendar_view 언어 재검사. web_main의 공개 웹 뷰어는 앱 제공 기능과 구분,lib/screens/my_share_code_screen.dart:170,미수행; 자동검사와 정적 판정만
friendStopSharingConfirm,한국어 전용 앱 경로,calendar_tab.dart 진입 차단; friend_list/my_share_code/friend_calendar_view 언어 재검사. web_main의 공개 웹 뷰어는 앱 제공 기능과 구분,lib/screens/my_share_code_screen.dart:166,미수행; 자동검사와 정적 판정만
friendSyncPendingBanner,한국어 전용 앱 경로,calendar_tab.dart 진입 차단; friend_list/my_share_code/friend_calendar_view 언어 재검사. web_main의 공개 웹 뷰어는 앱 제공 기능과 구분,lib/screens/my_share_code_screen.dart:218,미수행; 자동검사와 정적 판정만
friendSyncPendingToast,한국어 전용 앱 경로,calendar_tab.dart 진입 차단; friend_list/my_share_code/friend_calendar_view 언어 재검사. web_main의 공개 웹 뷰어는 앱 제공 기능과 구분,lib/screens/my_share_code_screen.dart:104; lib/screens/my_share_code_screen.dart:202,미수행; 자동검사와 정적 판정만
friendUnknownError,한국어 전용 앱 경로,calendar_tab.dart 진입 차단; friend_list/my_share_code/friend_calendar_view 언어 재검사. web_main의 공개 웹 뷰어는 앱 제공 기능과 구분,lib/web_main.dart:485,미수행; 자동검사와 정적 판정만
friendWebAppTagline,한국어 전용 앱 경로,calendar_tab.dart 진입 차단; friend_list/my_share_code/friend_calendar_view 언어 재검사. web_main의 공개 웹 뷰어는 앱 제공 기능과 구분,lib/widgets/friend_web_calendar.dart:179; lib/widgets/friend_web_calendar.dart:343,미수행; 자동검사와 정적 판정만
helpAlarmTemplatesBody,제공 기능 문맥 유지,키워드 일치만으로 삭제하지 않음. 알람/메모/복원/권한/업데이트의 실제 문맥 독해; 미제공 기능 사용 유도 없음,lib/screens/help_screen.dart:105,미수행; 자동검사와 정적 판정만
helpBackupDataStorageBody,제공 기능만 남기도록 수정,미제공 기능의 과거 기록 설명 제거. 로컬 백업과 Google 서비스 개인정보처리방침 연결 유지.,lib/screens/help_screen.dart:237,미수행; 자동검사와 정적 판정만
helpCalendarHomeWidgetBody,제공 기능만 남기도록 수정,미제공 공휴일·음력·한국어판 비교 설명 제거. 실제 제공 달력 위젯 사용법과 지역별 요일 순서 보존.,lib/screens/help_screen.dart:143,미수행; 자동검사와 정적 판정만
helpCalendarLocaleBody,제공 기능만 남기도록 수정,미제공 공휴일/한국 음력 표시 설명 제거. 지역별 주 시작일·날짜 형식·빨간 일요일·근무시간 집계 의미 보존.,lib/screens/help_screen.dart:128,미수행; 자동검사와 정적 판정만
helpCalendarLocaleTitle,제공 기능 문맥 유지,키워드 일치만으로 삭제하지 않음. 알람/메모/복원/권한/업데이트의 실제 문맥 독해; 미제공 기능 사용 유도 없음,lib/screens/help_screen.dart:128,미수행; 자동검사와 정적 판정만
helpConditionEvidenceListBody,외국어 도움말 제외,help_screen.dart: section/topic KoreanOnly 필터 및 상세 재검사; 검색 경유도 플래그 전달,lib/screens/help_screen.dart:181,미수행; 자동검사와 정적 판정만
helpConditionEvidenceListTitle,외국어 도움말 제외,help_screen.dart: section/topic KoreanOnly 필터 및 상세 재검사; 검색 경유도 플래그 전달,lib/screens/help_screen.dart:180,미수행; 자동검사와 정적 판정만
helpConditionSectionTitle,외국어 도움말 제외,help_screen.dart: section/topic KoreanOnly 필터 및 상세 재검사; 검색 경유도 플래그 전달,lib/screens/help_screen.dart:170,미수행; 자동검사와 정적 판정만
helpConditionSetupNeededBody,외국어 도움말 제외,help_screen.dart: section/topic KoreanOnly 필터 및 상세 재검사; 검색 경유도 플래그 전달,lib/screens/help_screen.dart:185,미수행; 자동검사와 정적 판정만
helpConditionSetupNeededTitle,외국어 도움말 제외,help_screen.dart: section/topic KoreanOnly 필터 및 상세 재검사; 검색 경유도 플래그 전달,lib/screens/help_screen.dart:184,미수행; 자동검사와 정적 판정만
helpConditionWhatIsItBody,외국어 도움말 제외,help_screen.dart: section/topic KoreanOnly 필터 및 상세 재검사; 검색 경유도 플래그 전달,lib/screens/help_screen.dart:175,미수행; 자동검사와 정적 판정만
helpConditionWhatIsItTitle,외국어 도움말 제외,help_screen.dart: section/topic KoreanOnly 필터 및 상세 재검사; 검색 경유도 플래그 전달,lib/screens/help_screen.dart:174,미수행; 자동검사와 정적 판정만
helpDiagnosticBody,제공 기능만 남기도록 수정,미제공 개인 일정·친구명 열거 제거. 메모·근무명 제외 및 진단 파일 수동 전송·삭제 설명 보존.,lib/screens/help_screen.dart:265,미수행; 자동검사와 정적 판정만
helpFriendReinstallNoteBody,외국어 도움말 제외,help_screen.dart: section/topic KoreanOnly 필터 및 상세 재검사; 검색 경유도 플래그 전달,lib/screens/help_screen.dart:227,미수행; 자동검사와 정적 판정만
helpFriendReinstallNoteTitle,외국어 도움말 제외,help_screen.dart: section/topic KoreanOnly 필터 및 상세 재검사; 검색 경유도 플래그 전달,lib/screens/help_screen.dart:226,미수행; 자동검사와 정적 판정만
helpFriendSectionTitle,외국어 도움말 제외,help_screen.dart: section/topic KoreanOnly 필터 및 상세 재검사; 검색 경유도 플래그 전달,lib/screens/help_screen.dart:210,미수행; 자동검사와 정적 판정만
helpFriendShareCodeBody,외국어 도움말 제외,help_screen.dart: section/topic KoreanOnly 필터 및 상세 재검사; 검색 경유도 플래그 전달,lib/screens/help_screen.dart:219,미수행; 자동검사와 정적 판정만
helpFriendShareCodeTitle,외국어 도움말 제외,help_screen.dart: section/topic KoreanOnly 필터 및 상세 재검사; 검색 경유도 플래그 전달,lib/screens/help_screen.dart:218,미수행; 자동검사와 정적 판정만
helpFriendViewFriendBody,외국어 도움말 제외,help_screen.dart: section/topic KoreanOnly 필터 및 상세 재검사; 검색 경유도 플래그 전달,lib/screens/help_screen.dart:223,미수행; 자동검사와 정적 판정만
helpFriendViewFriendTitle,외국어 도움말 제외,help_screen.dart: section/topic KoreanOnly 필터 및 상세 재검사; 검색 경유도 플래그 전달,lib/screens/help_screen.dart:222,미수행; 자동검사와 정적 판정만
helpFriendWhatIsItBody,외국어 도움말 제외,help_screen.dart: section/topic KoreanOnly 필터 및 상세 재검사; 검색 경유도 플래그 전달,lib/screens/help_screen.dart:215,미수행; 자동검사와 정적 판정만
helpFriendWhatIsItTitle,외국어 도움말 제외,help_screen.dart: section/topic KoreanOnly 필터 및 상세 재검사; 검색 경유도 플래그 전달,lib/screens/help_screen.dart:214,미수행; 자동검사와 정적 판정만
helpOneTapBody,외국어 도움말 제외,help_screen.dart: section/topic KoreanOnly 필터 및 상세 재검사; 검색 경유도 플래그 전달,lib/screens/help_screen.dart:102,미수행; 자동검사와 정적 판정만
helpOneTapTitle,외국어 도움말 제외,help_screen.dart: section/topic KoreanOnly 필터 및 상세 재검사; 검색 경유도 플래그 전달,lib/screens/help_screen.dart:101,미수행; 자동검사와 정적 판정만
helpScheduleTabAutoCategoryBody,외국어 도움말 제외,help_screen.dart: section/topic KoreanOnly 필터 및 상세 재검사; 검색 경유도 플래그 전달,lib/screens/help_screen.dart:162,미수행; 자동검사와 정적 판정만
helpScheduleTabAutoCategoryTitle,외국어 도움말 제외,help_screen.dart: section/topic KoreanOnly 필터 및 상세 재검사; 검색 경유도 플래그 전달,lib/screens/help_screen.dart:161,미수행; 자동검사와 정적 판정만
helpScheduleTabCreateEditBody,외국어 도움말 제외,help_screen.dart: section/topic KoreanOnly 필터 및 상세 재검사; 검색 경유도 플래그 전달,lib/screens/help_screen.dart:158,미수행; 자동검사와 정적 판정만
helpScheduleTabCreateEditTitle,외국어 도움말 제외,help_screen.dart: section/topic KoreanOnly 필터 및 상세 재검사; 검색 경유도 플래그 전달,lib/screens/help_screen.dart:157,미수행; 자동검사와 정적 판정만
helpScheduleTabSectionTitle,외국어 도움말 제외,help_screen.dart: section/topic KoreanOnly 필터 및 상세 재검사; 검색 경유도 플래그 전달,lib/screens/help_screen.dart:149,미수행; 자동검사와 정적 판정만
helpScheduleTabWhatIsItBody,외국어 도움말 제외,help_screen.dart: section/topic KoreanOnly 필터 및 상세 재검사; 검색 경유도 플래그 전달,lib/screens/help_screen.dart:154,미수행; 자동검사와 정적 판정만
helpScheduleTabWhatIsItTitle,외국어 도움말 제외,help_screen.dart: section/topic KoreanOnly 필터 및 상세 재검사; 검색 경유도 플래그 전달,lib/screens/help_screen.dart:153,미수행; 자동검사와 정적 판정만
helpSleepAutoDetectBody,외국어 도움말 제외,help_screen.dart: section/topic KoreanOnly 필터 및 상세 재검사; 검색 경유도 플래그 전달,lib/screens/help_screen.dart:200,미수행; 자동검사와 정적 판정만
helpSleepAutoDetectTitle,외국어 도움말 제외,help_screen.dart: section/topic KoreanOnly 필터 및 상세 재검사; 검색 경유도 플래그 전달,lib/screens/help_screen.dart:199,미수행; 자동검사와 정적 판정만
helpSleepMiniCalendarBody,외국어 도움말 제외,help_screen.dart: section/topic KoreanOnly 필터 및 상세 재검사; 검색 경유도 플래그 전달,lib/screens/help_screen.dart:204,미수행; 자동검사와 정적 판정만
helpSleepMiniCalendarTitle,외국어 도움말 제외,help_screen.dart: section/topic KoreanOnly 필터 및 상세 재검사; 검색 경유도 플래그 전달,lib/screens/help_screen.dart:203,미수행; 자동검사와 정적 판정만
helpSleepSectionTitle,외국어 도움말 제외,help_screen.dart: section/topic KoreanOnly 필터 및 상세 재검사; 검색 경유도 플래그 전달,lib/screens/help_screen.dart:191,미수행; 자동검사와 정적 판정만
helpSleepWidgetBody,외국어 도움말 제외,help_screen.dart: section/topic KoreanOnly 필터 및 상세 재검사; 검색 경유도 플래그 전달,lib/screens/help_screen.dart:196,미수행; 자동검사와 정적 판정만
helpSleepWidgetTitle,외국어 도움말 제외,help_screen.dart: section/topic KoreanOnly 필터 및 상세 재검사; 검색 경유도 플래그 전달,lib/screens/help_screen.dart:195,미수행; 자동검사와 정적 판정만
helpTroubleshootForceStopBody,제공 기능 문맥 유지,키워드 일치만으로 삭제하지 않음. 알람/메모/복원/권한/업데이트의 실제 문맥 독해; 미제공 기능 사용 유도 없음,lib/screens/help_screen.dart:278,미수행; 자동검사와 정적 판정만
helpTroubleshootFriendDisconnectedBody,외국어 도움말 제외,help_screen.dart: section/topic KoreanOnly 필터 및 상세 재검사; 검색 경유도 플래그 전달,lib/screens/help_screen.dart:291,미수행; 자동검사와 정적 판정만
helpTroubleshootFriendDisconnectedTitle,외국어 도움말 제외,help_screen.dart: section/topic KoreanOnly 필터 및 상세 재검사; 검색 경유도 플래그 전달,lib/screens/help_screen.dart:290,미수행; 자동검사와 정적 판정만
navFriendShare,현재 비생성 Dart 참조 없음,전수 키 참조 검색; 실제 화면 통과로 계산하지 않음,,미수행; 자동검사와 정적 판정만
navScheduleManagement,한국어 전용 개인 일정 경로,main.dart 탭/알림 진입 차단; settings_tab 재활성화 차단; 튜토리얼 언어 재검사; native scheduler/receiver 차단,lib/main.dart:777; lib/screens/schedule_management_tab.dart:2375,미수행; 자동검사와 정적 판정만
onboardingScheduleTabPopupBody,한국어 전용 개인 일정 경로,main.dart 탭/알림 진입 차단; settings_tab 재활성화 차단; 튜토리얼 언어 재검사; native scheduler/receiver 차단,lib/widgets/onboarding_info_popups.dart:317,미수행; 자동검사와 정적 판정만
onboardingScheduleTabPopupTitle,한국어 전용 개인 일정 경로,main.dart 탭/알림 진입 차단; settings_tab 재활성화 차단; 튜토리얼 언어 재검사; native scheduler/receiver 차단,lib/widgets/onboarding_info_popups.dart:316,미수행; 자동검사와 정적 판정만
onboardingWelcomePopupBody,제공 기능 문맥 유지,키워드 일치만으로 삭제하지 않음. 알람/메모/복원/권한/업데이트의 실제 문맥 독해; 미제공 기능 사용 유도 없음,lib/widgets/onboarding_info_popups.dart:252,미수행; 자동검사와 정적 판정만
oneTapDeleteNoAlarmConfirm,한국어 전용 생성/편집 경로,calendar_tab.dart 원터치 진입·패널·날짜별 목록 차단. 신규 외국어 설치에서 이 종류 알람 생성 경로 없음; 이관 예외 UI 추가 안 함,lib/screens/next_alarm_tab.dart:76,미수행; 자동검사와 정적 판정만
oneTapDeleteNoAlarmDetail,한국어 전용 생성/편집 경로,calendar_tab.dart 원터치 진입·패널·날짜별 목록 차단. 신규 외국어 설치에서 이 종류 알람 생성 경로 없음; 이관 예외 UI 추가 안 함,lib/screens/calendar_tab.dart:6196,미수행; 자동검사와 정적 판정만
oneTapDeleteRestoreConfirm,한국어 전용 생성/편집 경로,calendar_tab.dart 원터치 진입·패널·날짜별 목록 차단. 신규 외국어 설치에서 이 종류 알람 생성 경로 없음; 이관 예외 UI 추가 안 함,lib/screens/next_alarm_tab.dart:77,미수행; 자동검사와 정적 판정만
oneTapDeleteRestoreDetail,한국어 전용 생성/편집 경로,calendar_tab.dart 원터치 진입·패널·날짜별 목록 차단. 신규 외국어 설치에서 이 종류 알람 생성 경로 없음; 이관 예외 UI 추가 안 함,lib/screens/calendar_tab.dart:6196,미수행; 자동검사와 정적 판정만
oneTapDeletedFixedRestored,한국어 전용 생성/편집 경로,calendar_tab.dart 원터치 진입·패널·날짜별 목록 차단. 신규 외국어 설치에서 이 종류 알람 생성 경로 없음; 이관 예외 UI 추가 안 함,lib/screens/calendar_tab.dart:6267; lib/screens/next_alarm_tab.dart:112,미수행; 자동검사와 정적 판정만
oneTapDeletedRefreshRetry,한국어 전용 생성/편집 경로,calendar_tab.dart 원터치 진입·패널·날짜별 목록 차단. 신규 외국어 설치에서 이 종류 알람 생성 경로 없음; 이관 예외 UI 추가 안 함,lib/screens/calendar_tab.dart:6265; lib/screens/next_alarm_tab.dart:110,미수행; 자동검사와 정적 판정만
permissionAllow,제공 기능 문맥 유지,키워드 일치만으로 삭제하지 않음. 알람/메모/복원/권한/업데이트의 실제 문맥 독해; 미제공 기능 사용 유도 없음,lib/screens/permission_intro_screen.dart:140,미수행; 자동검사와 정적 판정만
permissionCanAllowLater,제공 기능 문맥 유지,키워드 일치만으로 삭제하지 않음. 알람/메모/복원/권한/업데이트의 실제 문맥 독해; 미제공 기능 사용 유도 없음,lib/screens/permission_intro_screen.dart:330,미수행; 자동검사와 정적 판정만
privacyAnalyticsBody,제공 기능 문맥 유지,키워드 일치만으로 삭제하지 않음. 알람/메모/복원/권한/업데이트의 실제 문맥 독해; 미제공 기능 사용 유도 없음,lib/screens/privacy_policy_screen.dart:48,미수행; 자동검사와 정적 판정만
privacyDataRetentionBody,제공 기능만 남기도록 수정,과거 한국어 기능 기록/공유 섹션 참조 제거. 비암호화·잔존 파일·백업 교체·Google 보관 설명 유지.,lib/screens/privacy_policy_screen.dart:68,미수행; 자동검사와 정적 판정만
privacyFirebaseBody,제공 기능만 남기도록 수정,공유와 한국 공휴일은 외국어에서 제공/조회하지 않으므로 관련 설명 제거. 실제 사용하는 Google Play 업데이트 확인만 설명.,lib/screens/privacy_policy_screen.dart:53,미수행; 자동검사와 정적 판정만
privacyFirebaseTitle,제공 기능만 남기도록 수정,공유/한국 공휴일 설명 섹션을 앱 업데이트 섹션으로 분리.,lib/screens/privacy_policy_screen.dart:52,미수행; 자동검사와 정적 판정만
privacyIntro,제공 기능만 남기도록 수정,"첫 출시의 제공 기능, 로컬 파일, Google 통계·광고만 설명. 이전 한국어 데이터 문장 제거.",lib/screens/privacy_policy_screen.dart:115,미수행; 자동검사와 정적 판정만
privacyNoCollectionBody,제공 기능만 남기도록 수정,개인 일정·수면·공유·언어 전환 기록 문단 제거. 실제 제공 데이터와 진단 항목·수동 전송은 보존.,lib/screens/privacy_policy_screen.dart:42,미수행; 자동검사와 정적 판정만
privacyPermissionsBody,제공 기능 문맥 유지,키워드 일치만으로 삭제하지 않음. 알람/메모/복원/권한/업데이트의 실제 문맥 독해; 미제공 기능 사용 유도 없음,lib/screens/privacy_policy_screen.dart:63,미수행; 자동검사와 정적 판정만
restoreDoNotLeave,제공 기능 문맥 유지,키워드 일치만으로 삭제하지 않음. 알람/메모/복원/권한/업데이트의 실제 문맥 독해; 미제공 기능 사용 유도 없음,lib/screens/restore_progress_screen.dart:100,미수행; 자동검사와 정적 판정만
restoreInterruptedCopyLost,제공 기능 문맥 유지,키워드 일치만으로 삭제하지 않음. 알람/메모/복원/권한/업데이트의 실제 문맥 독해; 미제공 기능 사용 유도 없음,lib/screens/restore_interrupted_screen.dart:100,미수행; 자동검사와 정적 판정만
restoreInterruptedDesc,제공 기능 문맥 유지,키워드 일치만으로 삭제하지 않음. 알람/메모/복원/권한/업데이트의 실제 문맥 독해; 미제공 기능 사용 유도 없음,lib/screens/restore_interrupted_screen.dart:100,미수행; 자동검사와 정적 판정만
restoreWaitingAlarmEnd,제공 기능 문맥 유지,키워드 일치만으로 삭제하지 않음. 알람/메모/복원/권한/업데이트의 실제 문맥 독해; 미제공 기능 사용 유도 없음,lib/screens/restore_interrupted_screen.dart:114; lib/screens/restore_progress_screen.dart:93,미수행; 자동검사와 정적 판정만
scheduleDeleteConfirmBody,한국어 전용 개인 일정 경로,main.dart 탭/알림 진입 차단; settings_tab 재활성화 차단; 튜토리얼 언어 재검사; native scheduler/receiver 차단,lib/screens/schedule_management_tab.dart:3965,미수행; 자동검사와 정적 판정만
scheduleDeleteConfirmTitle,현재 비생성 Dart 참조 없음,전수 키 참조 검색; 실제 화면 통과로 계산하지 않음,,미수행; 자동검사와 정적 판정만
scheduleDuplicateTimeSlot,한국어 전용 개인 일정 경로,main.dart 탭/알림 진입 차단; settings_tab 재활성화 차단; 튜토리얼 언어 재검사; native scheduler/receiver 차단,lib/screens/schedule_management_tab.dart:1662; lib/screens/schedule_management_tab.dart:1733,미수행; 자동검사와 정적 판정만
scheduleEditTitle,한국어 전용 개인 일정 경로,main.dart 탭/알림 진입 차단; settings_tab 재활성화 차단; 튜토리얼 언어 재검사; native scheduler/receiver 차단,lib/screens/schedule_management_tab.dart:3702,미수행; 자동검사와 정적 판정만
scheduleMaxPerSlot,한국어 전용 개인 일정 경로,main.dart 탭/알림 진입 차단; settings_tab 재활성화 차단; 튜토리얼 언어 재검사; native scheduler/receiver 차단,lib/screens/schedule_management_tab.dart:1676,미수행; 자동검사와 정적 판정만
scheduleNewTitle,한국어 전용 개인 일정 경로,main.dart 탭/알림 진입 차단; settings_tab 재활성화 차단; 튜토리얼 언어 재검사; native scheduler/receiver 차단,lib/screens/schedule_management_tab.dart:3703,미수행; 자동검사와 정적 판정만
scheduleNotifyDescription,한국어 전용 개인 일정 경로,main.dart 탭/알림 진입 차단; settings_tab 재활성화 차단; 튜토리얼 언어 재검사; native scheduler/receiver 차단,lib/screens/schedule_management_tab.dart:3882,미수행; 자동검사와 정적 판정만
scheduleNotifyOffsetBefore,한국어 전용 개인 일정 경로,main.dart 탭/알림 진입 차단; settings_tab 재활성화 차단; 튜토리얼 언어 재검사; native scheduler/receiver 차단,lib/screens/schedule_management_tab.dart:3899,미수행; 자동검사와 정적 판정만
scheduleNotifyOffsetOnTime,한국어 전용 개인 일정 경로,main.dart 탭/알림 진입 차단; settings_tab 재활성화 차단; 튜토리얼 언어 재검사; native scheduler/receiver 차단,lib/screens/schedule_management_tab.dart:3897,미수행; 자동검사와 정적 판정만
scheduleNotifyOffsetQuestion,한국어 전용 개인 일정 경로,main.dart 탭/알림 진입 차단; settings_tab 재활성화 차단; 튜토리얼 언어 재검사; native scheduler/receiver 차단,lib/screens/schedule_management_tab.dart:3887,미수행; 자동검사와 정적 판정만
scheduleNotifyPastTimeWarning,한국어 전용 개인 일정 경로,main.dart 탭/알림 진입 차단; settings_tab 재활성화 차단; 튜토리얼 언어 재검사; native scheduler/receiver 차단,lib/screens/schedule_management_tab.dart:3922,미수행; 자동검사와 정적 판정만
scheduleNotifyRegisterFailed,한국어 전용 개인 일정 경로,main.dart 탭/알림 진입 차단; settings_tab 재활성화 차단; 튜토리얼 언어 재검사; native scheduler/receiver 차단,lib/screens/schedule_management_tab.dart:1704; lib/screens/schedule_management_tab.dart:1762,미수행; 자동검사와 정적 판정만
scheduleNotifySectionLabel,한국어 전용 개인 일정 경로,main.dart 탭/알림 진입 차단; settings_tab 재활성화 차단; 튜토리얼 언어 재검사; native scheduler/receiver 차단,lib/screens/schedule_management_tab.dart:3852,미수행; 자동검사와 정적 판정만
scheduleNotifyToggleLabel,한국어 전용 개인 일정 경로,main.dart 탭/알림 진입 차단; settings_tab 재활성화 차단; 튜토리얼 언어 재검사; native scheduler/receiver 차단,lib/screens/schedule_management_tab.dart:3862,미수행; 자동검사와 정적 판정만
scheduleRefreshUnconfirmed,한국어 전용 개인 일정 경로,main.dart 탭/알림 진입 차단; settings_tab 재활성화 차단; 튜토리얼 언어 재검사; native scheduler/receiver 차단,lib/utils/apply_schedule_change.dart:126,미수행; 자동검사와 정적 판정만
scheduleTabDisableExtraNotice,한국어 전용 개인 일정 경로,main.dart 탭/알림 진입 차단; settings_tab 재활성화 차단; 튜토리얼 언어 재검사; native scheduler/receiver 차단,lib/screens/schedule_management_tab.dart:2378,미수행; 자동검사와 정적 판정만
settingsAllAlarmsWillBeDeleted,제공 기능만 남기도록 수정,미제공 원터치 프리셋 설명 제거. 모든 알람/근무별 설정 삭제와 이력 유지는 보존.,lib/screens/settings_tab.dart:779,미수행; 자동검사와 정적 판정만
settingsDeleteAllAlarmsDesc,제공 기능 문맥 유지,키워드 일치만으로 삭제하지 않음. 알람/메모/복원/권한/업데이트의 실제 문맥 독해; 미제공 기능 사용 유도 없음,lib/screens/settings_tab.dart:759,미수행; 자동검사와 정적 판정만
settingsFriendShareDesc,현재 비생성 Dart 참조 없음,전수 키 참조 검색; 실제 화면 통과로 계산하지 않음,,미수행; 자동검사와 정적 판정만
settingsPeriodEndBasis,제공 기능 문맥 유지,키워드 일치만으로 삭제하지 않음. 알람/메모/복원/권한/업데이트의 실제 문맥 독해; 미제공 기능 사용 유도 없음,lib/screens/work_hours_settings_screen.dart:612,미수행; 자동검사와 정적 판정만
settingsResetScheduleConfirm,제공 기능만 남기도록 수정,미제공 공유 및 이전 한국어 이용 예외 설명 제거. 근무표·팀표·알람·이력·생성 기록 초기화는 명시.,lib/screens/settings_tab.dart:54,미수행; 자동검사와 정적 판정만
settingsResetScheduleSharingFailed,한국어에서만 경고 표시,settings_tab.dart: resetSchedule 결과 분기에 usesKoreanFeatures 추가,lib/screens/settings_tab.dart:313,미수행; 자동검사와 정적 판정만
settingsRestoreFromBackupWarningBody,제공 기능 문맥 유지,키워드 일치만으로 삭제하지 않음. 알람/메모/복원/권한/업데이트의 실제 문맥 독해; 미제공 기능 사용 유도 없음,lib/screens/settings_tab.dart:188,미수행; 자동검사와 정적 판정만
settingsScheduleChangeWarning,제공 기능만 남기도록 수정,미제공 원터치 알람 설명 제거. 향후 10일 근무 알람 갱신과 이력 유지 보존.,lib/widgets/schedule_change_dialog.dart:122,미수행; 자동검사와 정적 판정만
settingsScheduleTabReenableSubtitle,한국어 전용 개인 일정 경로,main.dart 탭/알림 진입 차단; settings_tab 재활성화 차단; 튜토리얼 언어 재검사; native scheduler/receiver 차단,lib/screens/settings_tab.dart:607,미수행; 자동검사와 정적 판정만
settingsScheduleTabReenableTitle,한국어 전용 개인 일정 경로,main.dart 탭/알림 진입 차단; settings_tab 재활성화 차단; 튜토리얼 언어 재검사; native scheduler/receiver 차단,lib/screens/settings_tab.dart:605,미수행; 자동검사와 정적 판정만
themeEditorial,외국어 테마 선택 대상에서 제외,calendar_theme.dart 6종만; picker preview는 IgnorePointer로 미제공 디자인 이동 불가,lib/models/calendar_theme.dart:67,미수행; 자동검사와 정적 판정만
themeEventChip,외국어 테마 선택 대상에서 제외,calendar_theme.dart 6종만; picker preview는 IgnorePointer로 미제공 디자인 이동 불가,lib/models/calendar_theme.dart:65,미수행; 자동검사와 정적 판정만
themeInitialBadge,외국어 테마 선택 대상에서 제외,calendar_theme.dart 6종만; picker preview는 IgnorePointer로 미제공 디자인 이동 불가,lib/models/calendar_theme.dart:61,미수행; 자동검사와 정적 판정만
themeUnderline,외국어 테마 선택 대상에서 제외,calendar_theme.dart 6종만; picker preview는 IgnorePointer로 미제공 디자인 이동 불가,lib/models/calendar_theme.dart:63,미수행; 자동검사와 정적 판정만
