키,정적 판정,실기기
commonChange,현재 lib 비생성 소스 참조 없음,미수행
commonRefresh,현재 lib 비생성 소스 참조 없음,미수행
commonGetStarted,현재 lib 비생성 소스 참조 없음,미수행
navFriendShare,현재 lib 비생성 소스 참조 없음,미수행
shiftWork,현재 lib 비생성 소스 참조 없음,미수행
settingsPatternTodayMarker,현재 lib 비생성 소스 참조 없음,미수행
shiftTeam,현재 lib 비생성 소스 참조 없음,미수행
shiftRegularPattern,현재 lib 비생성 소스 참조 없음,미수행
shiftIrregularPattern,현재 lib 비생성 소스 참조 없음,미수행
shiftWorkHours,현재 lib 비생성 소스 참조 없음,미수행
shiftPayday,현재 lib 비생성 소스 참조 없음,미수행
alarmNext,현재 lib 비생성 소스 참조 없음,미수행
alarmFixed,현재 lib 비생성 소스 참조 없음,미수행
alarmType,현재 lib 비생성 소스 참조 없음,미수행
alarmRemoved,현재 lib 비생성 소스 참조 없음,미수행
alarmSnooze5Min,현재 lib 비생성 소스 참조 없음,미수행
alarmCountAll,현재 lib 비생성 소스 참조 없음,미수행
alarmCountFuture,현재 lib 비생성 소스 참조 없음,미수행
alarmCountPast,현재 lib 비생성 소스 참조 없음,미수행
calendarMemo,현재 lib 비생성 소스 참조 없음,미수행
calendarFriendQuickAccessLabel,현재 lib 비생성 소스 참조 없음,미수행
calendarTapDateToEnter,현재 lib 비생성 소스 참조 없음,미수행
calendarMemoDetailTitle,현재 lib 비생성 소스 참조 없음,미수행
onboardingFixedPatternQuestion,현재 lib 비생성 소스 참조 없음,미수행
onboardingYesRegular,현재 lib 비생성 소스 참조 없음,미수행
onboardingNoIrregular,현재 lib 비생성 소스 참조 없음,미수행
onboardingCheckShiftTypes,현재 lib 비생성 소스 참조 없음,미수행
onboardingAddIfMissing,현재 lib 비생성 소스 참조 없음,미수행
onboardingUsableEvenIfNotInPattern,현재 lib 비생성 소스 참조 없음,미수행
onboardingSwitchToIrregularPrefix,현재 lib 비생성 소스 참조 없음,미수행
onboardingSwitchToIrregularLink,현재 lib 비생성 소스 참조 없음,미수행
onboardingSwitchToIrregularSuffix,현재 lib 비생성 소스 참조 없음,미수행
onboardingSelectAllInPattern,현재 lib 비생성 소스 참조 없음,미수행
onboardingShiftNameHint,현재 lib 비생성 소스 참조 없음,미수행
onboardingAllSet,현재 lib 비생성 소스 참조 없음,미수행
settingsFriendShareDesc,현재 lib 비생성 소스 참조 없음,미수행
settingsEditShiftNameDesc,현재 lib 비생성 소스 참조 없음,미수행
settingsDataBackupDesc,현재 lib 비생성 소스 참조 없음,미수행
settingsDataBackupLastSavedAt,현재 lib 비생성 소스 참조 없음,미수행
customAlarmEditorTitle,현재 lib 비생성 소스 참조 없음,미수행
customAlarmEditorDesc,현재 lib 비생성 소스 참조 없음,미수행
customAlarmSlotClear,현재 lib 비생성 소스 참조 없음,미수행
customAlarmScheduledToday,현재 lib 비생성 소스 참조 없음,미수행
customAlarmScheduledOn,현재 lib 비생성 소스 참조 없음,미수행
customAlarmScheduledSoon,현재 lib 비생성 소스 참조 없음,미수행
customAlarmDuplicate,현재 lib 비생성 소스 참조 없음,미수행
customAlarmUndo,현재 lib 비생성 소스 참조 없음,미수행
backupRestoreManualPickLink,현재 lib 비생성 소스 참조 없음,미수행
onboardingHasBackupTitle,현재 lib 비생성 소스 참조 없음,미수행
onboardingHasBackupLoadButton,현재 lib 비생성 소스 참조 없음,미수행
backupRestoreManualPickHint,현재 lib 비생성 소스 참조 없음,미수행
settingsScheduleChangedRedoAllTeamsHint,현재 lib 비생성 소스 참조 없음,미수행
workHoursEditDialogTitle,현재 lib 비생성 소스 참조 없음,미수행
workHoursUnitHourLabel,현재 lib 비생성 소스 참조 없음,미수행
workHoursUnitMinuteLabel,현재 lib 비생성 소스 참조 없음,미수행
friendCanCheckAnytime,현재 lib 비생성 소스 참조 없음,미수행
friendInstallForHomeScreen,현재 lib 비생성 소스 참조 없음,미수행
statusDataLoadFailed,현재 lib 비생성 소스 참조 없음,미수행
statusShiftChangeFailed,현재 lib 비생성 소스 참조 없음,미수행
allTeamsSetupOtherTeamsLabel,현재 lib 비생성 소스 참조 없음,미수행
allTeamsSetupOtherTeamsHint,현재 lib 비생성 소스 참조 없음,미수행
allTeamsSetupPickMyTeamFirstHint,현재 lib 비생성 소스 참조 없음,미수행
allTeamsSetupMinOtherTeamHint,현재 lib 비생성 소스 참조 없음,미수행
scheduleDeleteConfirmTitle,현재 lib 비생성 소스 참조 없음,미수행
scheduleOutsideTeamsConfirm,현재 lib 비생성 소스 참조 없음,미수행
scheduleMyTeam,현재 lib 비생성 소스 참조 없음,미수행
scheduleTeamsAtToday,현재 lib 비생성 소스 참조 없음,미수행
teamRuleEdit,현재 lib 비생성 소스 참조 없음,미수행
teamRuleChooseTeam,현재 lib 비생성 소스 참조 없음,미수행
